Wed Feb 11 18:10:45 2026       
+-----------------------------------------------------------------------------------------+
| NVIDIA-SMI 560.35.03              Driver Version: 560.35.03      CUDA Version: 12.6     |
|-----------------------------------------+------------------------+----------------------+
| GPU  Name                 Persistence-M | Bus-Id          Disp.A | Volatile Uncorr. ECC |
| Fan  Temp   Perf          Pwr:Usage/Cap |           Memory-Usage | GPU-Util  Compute M. |
|                                         |                        |               MIG M. |
|=========================================+========================+======================|
|   0  Tesla V100-SXM2-32GB           On  |   00000000:3B:00.0 Off |                    0 |
| N/A   34C    P0             41W /  300W |       1MiB /  32768MiB |      0%      Default |
|                                         |                        |                  N/A |
+-----------------------------------------+------------------------+----------------------+
                                                                                         
+-----------------------------------------------------------------------------------------+
| Processes:                                                                              |
|  GPU   GI   CI        PID   Type   Process name                              GPU Memory |
|        ID   ID                                                               Usage      |
|=========================================================================================|
|  No running processes found                                                             |
+-----------------------------------------------------------------------------------------+



{
    "data_size": {
        "train": 97976,
        "validation": 4512,
        "test": 100
    }
}
initializing state: tensor_shape = (10000, 256)
initializing state: tensor_shape = (40, 256)
initializing state: tensor_shape = (256,)
initializing state: tensor_shape = (256,)
initializing state: tensor_shape = (256,)
initializing state: tensor_shape = (256,)
initializing state: tensor_shape = (256, 256)
initializing state: tensor_shape = (256,)
initializing state: tensor_shape = (256, 256)
initializing state: tensor_shape = (256,)
initializing state: tensor_shape = (256, 256)
initializing state: tensor_shape = (256,)
initializing state: tensor_shape = (256, 256)
initializing state: tensor_shape = (256,)
initializing state: tensor_shape = (256, 256)
initializing state: tensor_shape = (256,)
initializing state: tensor_shape = (256, 256)
initializing state: tensor_shape = (256,)
initializing state: tensor_shape = (256,)
initializing state: tensor_shape = (256,)
initializing state: tensor_shape = (256,)
initializing state: tensor_shape = (256,)
initializing state: tensor_shape = (256, 256)
initializing state: tensor_shape = (256,)
initializing state: tensor_shape = (256, 256)
initializing state: tensor_shape = (256,)
initializing state: tensor_shape = (256, 256)
initializing state: tensor_shape = (256,)
initializing state: tensor_shape = (256, 256)
initializing state: tensor_shape = (256,)
initializing state: tensor_shape = (256, 256)
initializing state: tensor_shape = (256,)
initializing state: tensor_shape = (256, 256)
initializing state: tensor_shape = (256,)
initializing state: tensor_shape = (256,)
initializing state: tensor_shape = (256,)
initializing state: tensor_shape = (256,)
initializing state: tensor_shape = (256,)
initializing state: tensor_shape = (256, 256)
initializing state: tensor_shape = (256,)
initializing state: tensor_shape = (256, 256)
initializing state: tensor_shape = (256,)
initializing state: tensor_shape = (256, 256)
initializing state: tensor_shape = (256,)
initializing state: tensor_shape = (256, 256)
initializing state: tensor_shape = (256,)
initializing state: tensor_shape = (256, 256)
initializing state: tensor_shape = (256,)
initializing state: tensor_shape = (256, 256)
initializing state: tensor_shape = (256,)
initializing state: tensor_shape = (256,)
initializing state: tensor_shape = (256,)
initializing state: tensor_shape = (256,)
initializing state: tensor_shape = (256,)
initializing state: tensor_shape = (256, 256)
initializing state: tensor_shape = (256,)
initializing state: tensor_shape = (256, 256)
initializing state: tensor_shape = (256,)
initializing state: tensor_shape = (256, 256)
initializing state: tensor_shape = (256,)
initializing state: tensor_shape = (256, 256)
initializing state: tensor_shape = (256,)
initializing state: tensor_shape = (256, 256)
initializing state: tensor_shape = (256,)
initializing state: tensor_shape = (256, 256)
initializing state: tensor_shape = (256,)
initializing state: tensor_shape = (256,)
initializing state: tensor_shape = (256,)
initializing state: tensor_shape = (256, 10000)
initializing state: tensor_shape = (10000,)
Forward: 7.454697847366333
Backward: 18.208426237106323
Opt.step: 1.1617028713226318
Forward: 7.309834003448486
Backward: 17.554617881774902
Opt.step: 1.0646522045135498
Forward: 6.540349960327148
Backward: 18.65235924720764
Opt.step: 1.0868022441864014
Forward: 6.992567777633667
Backward: 17.268516540527344
Opt.step: 1.1156947612762451
Forward: 6.798355579376221
Backward: 17.709986686706543
Opt.step: 1.097923755645752
Forward: 6.8980937004089355
Backward: 17.666757583618164
Opt.step: 1.1087646484375
Forward: 6.927832126617432
Backward: 17.85794758796692
Opt.step: 1.1603350639343262
Forward: 6.9610984325408936
Backward: 17.468716621398926
Opt.step: 1.076735019683838
Forward: 6.746957540512085
Backward: 16.68677043914795
Opt.step: 1.2290325164794922
Forward: 6.93763542175293
Backward: 16.420042753219604
Opt.step: 1.1072115898132324
Forward: 6.739852666854858
Backward: 16.988449096679688
Opt.step: 1.069626808166504
Forward: 6.9484474658966064
Backward: 17.821041584014893
Opt.step: 1.084045171737671
Forward: 6.936349153518677
Backward: 16.521289348602295
Opt.step: 1.1241512298583984
Forward: 6.824681520462036
Backward: 18.07707667350769
Opt.step: 1.0842373371124268
Forward: 6.9308295249938965
Backward: 16.191601037979126
Opt.step: 1.1435234546661377
Forward: 6.6531078815460205
Backward: 16.41668462753296
Opt.step: 1.0870866775512695
Forward: 6.710230588912964
Backward: 18.029510736465454
Opt.step: 1.106661319732666
Forward: 6.801553726196289
Backward: 17.953453063964844
Opt.step: 1.1407198905944824
Forward: 7.00736927986145
Backward: 16.742568254470825
Opt.step: 1.1154263019561768
Forward: 7.095467567443848
Backward: 16.127443313598633
Opt.step: 1.1690592765808105
Forward: 6.815876245498657
Backward: 16.278794050216675
Opt.step: 1.0920002460479736
Forward: 7.009930372238159
Backward: 15.992570400238037
Opt.step: 1.1271262168884277
Forward: 6.766499042510986
Backward: 17.229339599609375
Opt.step: 1.1053450107574463
Forward: 7.071393013000488
Backward: 16.433120727539062
Opt.step: 1.1094326972961426
Forward: 6.926958084106445
Backward: 16.695430755615234
Opt.step: 1.0870554447174072
Forward: 6.949149131774902
Backward: 17.232017755508423
Opt.step: 1.1346731185913086
Forward: 6.851282119750977
Backward: 16.489879846572876
Opt.step: 1.0748207569122314
Forward: 6.96725058555603
Backward: 17.107466459274292
Opt.step: 1.1232826709747314
Forward: 7.128125905990601
Backward: 16.59308648109436
Opt.step: 1.1345462799072266
Forward: 7.0211341381073
Backward: 16.985252618789673
Opt.step: 1.107891321182251
Forward: 6.987669944763184
Backward: 16.501971006393433
Opt.step: 1.122070074081421
Forward: 6.920105457305908
Backward: 16.40532946586609
Opt.step: 1.1106314659118652
Forward: 6.843311309814453
Backward: 16.509496688842773
Opt.step: 1.0861852169036865
Forward: 6.612267732620239
Backward: 17.374632835388184
Opt.step: 1.127593994140625
Forward: 6.732078552246094
Backward: 16.49481701850891
Opt.step: 1.0811896324157715
Forward: 6.941054821014404
Backward: 16.60342526435852
Opt.step: 1.101935863494873
Forward: 6.6323206424713135
Backward: 16.196840047836304
Opt.step: 1.1035199165344238
Forward: 6.662210941314697
Backward: 16.308874130249023
Opt.step: 1.0677778720855713
Forward: 6.993273735046387
Backward: 16.479347467422485
Opt.step: 1.0755722522735596
Forward: 6.852005243301392
Backward: 17.038898706436157
Opt.step: 1.104787826538086
Forward: 6.863631010055542
Backward: 16.131543397903442
Opt.step: 1.0946288108825684
Forward: 6.759298324584961
Backward: 16.037497997283936
Opt.step: 1.0894417762756348
Forward: 6.748481035232544
Backward: 16.21566104888916
Opt.step: 1.0894181728363037
Forward: 6.813762664794922
Backward: 16.17517066001892
Opt.step: 1.1364309787750244
Forward: 6.873037338256836
Backward: 16.412342309951782
Opt.step: 1.085489273071289
Forward: 6.956908226013184
Backward: 16.28757643699646
Opt.step: 1.1141142845153809
Forward: 6.73224139213562
Backward: 15.888816833496094
Opt.step: 1.1108744144439697
Forward: 6.577585220336914
Backward: 15.97093391418457
Opt.step: 1.0667614936828613
Forward: 7.02875280380249
Backward: 16.425318956375122
Opt.step: 1.125218152999878
Forward: 6.666474342346191
Backward: 16.782976150512695
Opt.step: 1.0884933471679688
Forward: 6.977596282958984
Backward: 16.607813119888306
Opt.step: 1.1215720176696777
Forward: 6.817754745483398
Backward: 16.300150394439697
Opt.step: 1.1067345142364502
Forward: 6.639030456542969
Backward: 16.577144861221313
Opt.step: 1.072709560394287
Forward: 6.8363611698150635
Backward: 16.465254068374634
Opt.step: 1.127842903137207
Forward: 6.548761367797852
Backward: 16.487324476242065
Opt.step: 1.104954481124878
Forward: 6.880762577056885
Backward: 17.054792642593384
Opt.step: 1.0873150825500488
Forward: 6.89513087272644
Backward: 16.64331817626953
Opt.step: 1.1026649475097656
Forward: 6.701611518859863
Backward: 16.30083656311035
Opt.step: 1.0907835960388184
Forward: 6.662992238998413
Backward: 16.892638206481934
Opt.step: 1.0684614181518555
Forward: 6.9138782024383545
Backward: 16.23183298110962
Opt.step: 1.0911540985107422
Forward: 6.823026657104492
Backward: 17.097217798233032
Opt.step: 1.085841417312622
Forward: 6.979635238647461
Backward: 16.327028036117554
Opt.step: 1.0952394008636475
Forward: 6.850178241729736
Backward: 17.986615419387817
Opt.step: 1.068195104598999
Forward: 7.03183126449585
Backward: 16.423497200012207
Opt.step: 1.1192853450775146
Forward: 6.79853081703186
Backward: 18.357123613357544
Opt.step: 1.1024854183197021
Forward: 6.898066282272339
Backward: 16.98665475845337
Opt.step: 1.0956947803497314
Forward: 6.991429567337036
Backward: 18.376049280166626
Opt.step: 1.0936009883880615
Forward: 7.148969888687134
Backward: 17.36945080757141
Opt.step: 1.0672798156738281
Forward: 6.892145395278931
Backward: 18.131535530090332
Opt.step: 1.0995867252349854
Forward: 7.118331432342529
Backward: 17.54237389564514
Opt.step: 1.10725998878479
Forward: 6.962108373641968
Backward: 17.871923446655273
Opt.step: 1.0686719417572021
Forward: 6.934959650039673
Backward: 18.017682552337646
Opt.step: 1.0616114139556885
Forward: 7.077484846115112
Backward: 17.898629426956177
Opt.step: 1.0739209651947021
Forward: 7.043943643569946
Backward: 17.322518825531006
Opt.step: 1.1397168636322021
Forward: 6.714213132858276
Backward: 17.92079496383667
Opt.step: 1.0712602138519287
Forward: 7.22229528427124
Backward: 17.727803230285645
Opt.step: 1.098390817642212
Forward: 7.095392465591431
Backward: 17.62093949317932
Opt.step: 1.124121904373169
Forward: 7.048759698867798
Backward: 18.056154251098633
Opt.step: 1.0680062770843506
Forward: 7.060898065567017
Backward: 17.924545288085938
Opt.step: 1.0754282474517822
Forward: 7.166147708892822
Backward: 17.914956092834473
Opt.step: 1.107424020767212
Forward: 7.261368751525879
Backward: 18.42050838470459
Opt.step: 1.0945370197296143
Forward: 7.194680690765381
Backward: 18.20791530609131
Opt.step: 1.0856928825378418
Forward: 7.101592540740967
Backward: 18.083016633987427
Opt.step: 1.113018274307251
Forward: 7.029108762741089
Backward: 17.98359513282776
Opt.step: 1.105809211730957
Forward: 6.967818975448608
Backward: 18.077735662460327
Opt.step: 1.1174488067626953
Forward: 7.070972204208374
Backward: 18.31046199798584
Opt.step: 1.0967435836791992
Forward: 7.200001955032349
Backward: 18.16626811027527
Opt.step: 1.081679105758667
Forward: 7.1573522090911865
Backward: 17.938359022140503
Opt.step: 1.124021291732788
Forward: 7.0413665771484375
Backward: 17.93575143814087
Opt.step: 1.1024894714355469
Forward: 6.827974319458008
Backward: 17.95867681503296
Opt.step: 1.1053357124328613
Forward: 7.181051731109619
Backward: 18.202736139297485
Opt.step: 1.0886869430541992
Forward: 7.135679006576538
Backward: 18.290993690490723
Opt.step: 1.1212148666381836
Forward: 7.1612396240234375
Backward: 17.986462593078613
Opt.step: 1.0945303440093994
Forward: 7.038810729980469
Backward: 17.941572427749634
Opt.step: 1.112126111984253
Forward: 6.992371320724487
Backward: 18.125270128250122
Opt.step: 1.1187279224395752
Forward: 6.961179971694946
Backward: 18.349767208099365
Opt.step: 1.1037638187408447
Forward: 7.114980936050415
Backward: 18.45015287399292
Opt.step: 1.0951709747314453
Forward: 7.198252439498901
Backward: 18.04318618774414
Opt.step: 1.0885727405548096
Forward: 7.232381820678711
Backward: 18.198397636413574
Opt.step: 1.1062040328979492
Forward: 7.234261989593506
Backward: 18.36015009880066
Opt.step: 1.1151673793792725
Forward: 7.078653812408447
Backward: 18.347293853759766
Opt.step: 1.1377291679382324
Forward: 7.188129663467407
Backward: 18.608863353729248
Opt.step: 1.1344208717346191
Forward: 7.299274682998657
Backward: 18.258727312088013
Opt.step: 1.0886826515197754
Forward: 7.049621820449829
Backward: 18.33430814743042
Opt.step: 1.085623025894165
Forward: 7.195995092391968
Backward: 18.3630211353302
Opt.step: 1.070936679840088
Forward: 7.367530584335327
Backward: 18.585864782333374
Opt.step: 1.1106886863708496
Forward: 7.2874767780303955
Backward: 18.403291940689087
Opt.step: 1.0920391082763672
Forward: 7.105313062667847
Backward: 18.246052742004395
Opt.step: 1.083949089050293
Forward: 7.205846786499023
Backward: 18.272459030151367
Opt.step: 1.1097428798675537
Forward: 7.12080192565918
Backward: 18.268226623535156
Opt.step: 1.1319983005523682
Forward: 7.3070197105407715
Backward: 18.505282878875732
Opt.step: 1.1690945625305176
Forward: 7.275810241699219
Backward: 18.40091848373413
Opt.step: 1.0962893962860107
Forward: 7.094670057296753
Backward: 18.45200514793396
Opt.step: 1.0691235065460205
Forward: 7.165984869003296
Backward: 18.177141427993774
Opt.step: 1.0907609462738037
Forward: 7.167101860046387
Backward: 18.147581338882446
Opt.step: 1.1118285655975342
Forward: 7.243952035903931
Backward: 18.52790117263794
Opt.step: 1.1270856857299805
Forward: 7.223947763442993
Backward: 18.249465703964233
Opt.step: 1.1323492527008057
Forward: 7.008476495742798
Backward: 18.351069927215576
Opt.step: 1.1181316375732422
Forward: 7.12105917930603
Backward: 18.112004280090332
Opt.step: 1.0719234943389893
Forward: 7.0839197635650635
Backward: 18.398046016693115
Opt.step: 1.0975441932678223
Forward: 7.38144326210022
Backward: 18.42825484275818
Opt.step: 1.1030008792877197
Forward: 7.2497968673706055
Backward: 18.27166175842285
Opt.step: 1.126124620437622
Forward: 7.028555393218994
Backward: 18.2794668674469
Opt.step: 1.1361064910888672
Forward: 7.087201356887817
Backward: 18.117242336273193
Opt.step: 1.0741803646087646
Forward: 7.302685022354126
Backward: 18.48714590072632
Opt.step: 1.1142194271087646
Forward: 7.2798988819122314
Backward: 18.528328895568848
Opt.step: 1.1426966190338135
Forward: 7.149929046630859
Backward: 18.18377113342285
Opt.step: 1.154543399810791
Forward: 6.921020269393921
Backward: 18.251392602920532
Opt.step: 1.0983972549438477
Forward: 7.249485492706299
Backward: 18.1017804145813
Opt.step: 1.0596919059753418
Forward: 7.360605001449585
Backward: 18.53256058692932
Opt.step: 1.1060140132904053
Forward: 7.303164482116699
Backward: 18.489540338516235
Opt.step: 1.1325726509094238
Forward: 7.197715997695923
Backward: 18.16705060005188
Opt.step: 1.1388680934906006
Forward: 7.049245834350586
Backward: 18.07706093788147
Opt.step: 1.0619847774505615
Forward: 7.17733359336853
Backward: 18.20214867591858
Opt.step: 1.0970330238342285
Forward: 7.394002437591553
Backward: 18.50476312637329
Opt.step: 1.1182458400726318
Forward: 7.215979814529419
Backward: 18.477885484695435
Opt.step: 1.131138563156128
Forward: 7.206559896469116
Backward: 18.227092266082764
Opt.step: 1.1307182312011719
Forward: 7.0569634437561035
Backward: 18.19916033744812
Opt.step: 1.1229870319366455
Forward: 7.111969709396362
Backward: 18.38364028930664
Opt.step: 1.156898021697998
Forward: 7.132966756820679
Backward: 18.57563829421997
Opt.step: 1.1196863651275635
Forward: 7.215224266052246
Backward: 18.561391830444336
Opt.step: 1.100940227508545
Forward: 7.29710841178894
Backward: 18.23702836036682
Opt.step: 1.0847606658935547
Forward: 7.198237180709839
Backward: 18.216865301132202
Opt.step: 1.122321605682373
Forward: 7.199294567108154
Backward: 18.271232843399048
Opt.step: 1.129077672958374
Forward: 7.125532150268555
Backward: 18.80254578590393
Opt.step: 1.1670005321502686
Forward: 7.221972465515137
Backward: 18.59717106819153
Opt.step: 1.1338021755218506
Forward: 7.049422025680542
Backward: 18.24903702735901
Opt.step: 1.092681884765625
Forward: 7.197001218795776
Backward: 18.42109489440918
Opt.step: 1.0635218620300293
Forward: 7.231415510177612
Backward: 18.410755157470703
Opt.step: 1.0982420444488525
Forward: 7.3615617752075195
Backward: 18.458235263824463
Opt.step: 1.1198854446411133
Forward: 7.212685585021973
Backward: 18.657758235931396
Opt.step: 1.1426374912261963
Forward: 6.931197881698608
Backward: 18.234111070632935
Opt.step: 1.0989983081817627
Forward: 7.051501512527466
Backward: 18.13627552986145
Opt.step: 1.0661323070526123
Forward: 7.246903419494629
Backward: 18.251722812652588
Opt.step: 1.1851844787597656
Forward: 7.367213726043701
Backward: 18.471832275390625
Opt.step: 1.1425974369049072
Forward: 7.294635057449341
Backward: 18.37749218940735
Opt.step: 1.1456749439239502
Forward: 2.096052885055542
Backward: 5.434445142745972
Opt.step: 1.102351427078247
Epoch 0: Validation Loss = 4.692427158355713
Epoch 0: {'bleu': 7.413247168447221}
Saved checkpoint to ./workdir_vocab10000_lr0.001_embd256/checkpoint_epoch0.npz
Forward: 6.528656005859375
Backward: 16.104313135147095
Opt.step: 1.0727839469909668
Forward: 7.057289361953735
Backward: 17.113861083984375
Opt.step: 1.0849199295043945
Forward: 6.325931549072266
Backward: 16.95170497894287
Opt.step: 1.060112714767456
Forward: 6.703968524932861
Backward: 16.9283344745636
Opt.step: 1.1198360919952393
Forward: 6.384747505187988
Backward: 15.672956228256226
Opt.step: 1.094778060913086
Forward: 6.526150941848755
Backward: 17.401923894882202
Opt.step: 1.083956241607666
Forward: 6.762596368789673
Backward: 16.116684675216675
Opt.step: 1.0709538459777832
Forward: 6.751446723937988
Backward: 16.936368227005005
Opt.step: 1.0716173648834229
Forward: 6.782871246337891
Backward: 16.272339582443237
Opt.step: 1.0917556285858154
Forward: 6.8597331047058105
Backward: 17.299989700317383
Opt.step: 1.0802326202392578
Forward: 6.711419105529785
Backward: 16.50124168395996
Opt.step: 1.0855910778045654
Forward: 6.864822149276733
Backward: 16.818817377090454
Opt.step: 1.081329107284546
Forward: 6.4818572998046875
Backward: 16.075236797332764
Opt.step: 1.0610220432281494
Forward: 6.788885593414307
Backward: 16.564589500427246
Opt.step: 1.0731027126312256
Forward: 6.144901275634766
Backward: 15.647862434387207
Opt.step: 1.1037719249725342
Forward: 6.946072340011597
Backward: 16.92960214614868
Opt.step: 1.086925983428955
Forward: 6.5182201862335205
Backward: 16.25174593925476
Opt.step: 1.1126766204833984
Forward: 6.812171697616577
Backward: 16.594520807266235
Opt.step: 1.056839942932129
Forward: 6.831169843673706
Backward: 17.32488465309143
Opt.step: 1.1125850677490234
Forward: 6.8421854972839355
Backward: 16.581742763519287
Opt.step: 1.1001427173614502
Forward: 6.804067611694336
Backward: 17.987489938735962
Opt.step: 1.0900797843933105
Forward: 7.042684555053711
Backward: 16.581372261047363
Opt.step: 1.0873584747314453
Forward: 6.721645355224609
Backward: 16.792400121688843
Opt.step: 1.084049940109253
Forward: 6.881128311157227
Backward: 16.18319869041443
Opt.step: 1.0727190971374512
Forward: 6.570150136947632
Backward: 16.6840398311615
Opt.step: 1.0812768936157227
Forward: 6.733976364135742
Backward: 16.270853519439697
Opt.step: 1.0541486740112305
Forward: 6.8410539627075195
Backward: 16.999627351760864
Opt.step: 1.0902440547943115
Forward: 6.723193883895874
Backward: 16.204843997955322
Opt.step: 1.0593624114990234
Forward: 6.810422658920288
Backward: 17.980907201766968
Opt.step: 1.0745363235473633
Forward: 7.002621412277222
Backward: 16.302301168441772
Opt.step: 1.0752570629119873
Forward: 6.761779069900513
Backward: 17.474785566329956
Opt.step: 1.0722179412841797
Forward: 6.9649412631988525
Backward: 16.26654815673828
Opt.step: 1.0578432083129883
Forward: 6.94901967048645
Backward: 17.21570658683777
Opt.step: 1.0831029415130615
Forward: 6.716801166534424
Backward: 16.392709255218506
Opt.step: 1.0072126388549805
Forward: 6.745031356811523
Backward: 17.52888035774231
Opt.step: 1.0906596183776855
Forward: 6.879040956497192
Backward: 17.015982389450073
Opt.step: 1.0820362567901611
Forward: 6.8086864948272705
Backward: 17.747135162353516
Opt.step: 1.0716404914855957
Forward: 7.086910247802734
Backward: 17.31909680366516
Opt.step: 1.1232590675354004
Forward: 6.75719690322876
Backward: 17.872931241989136
Opt.step: 1.018993616104126
Forward: 7.035507678985596
Backward: 17.24502944946289
Opt.step: 1.076664686203003
Forward: 6.811091661453247
Backward: 17.84280562400818
Opt.step: 1.0883467197418213
Forward: 6.819430351257324
Backward: 17.2639377117157
Opt.step: 1.0649785995483398
Forward: 6.860135793685913
Backward: 17.572492361068726
Opt.step: 1.1151642799377441
Forward: 6.755674600601196
Backward: 16.9683096408844
Opt.step: 1.0436506271362305
Forward: 6.833129405975342
Backward: 16.909958600997925
Opt.step: 1.0738897323608398
Forward: 6.741276502609253
Backward: 17.589157104492188
Opt.step: 1.0538256168365479
Forward: 6.845930099487305
Backward: 18.00386071205139
Opt.step: 1.0569112300872803
Forward: 7.117000579833984
Backward: 18.13468647003174
Opt.step: 1.0731661319732666
Forward: 6.935512065887451
Backward: 17.282747983932495
Opt.step: 1.110271692276001
Forward: 6.732459545135498
Backward: 17.855224132537842
Opt.step: 1.0564603805541992
Forward: 7.139075756072998
Backward: 17.787911415100098
Opt.step: 1.0925705432891846
Forward: 6.82837176322937
Backward: 17.779571533203125
Opt.step: 1.0425457954406738
Forward: 6.878319263458252
Backward: 17.561658143997192
Opt.step: 1.0558249950408936
Forward: 7.131796836853027
Backward: 17.556435585021973
Opt.step: 1.0820798873901367
Forward: 6.766690731048584
Backward: 17.824060440063477
Opt.step: 1.0399169921875
Forward: 6.951496362686157
Backward: 17.578248977661133
Opt.step: 1.0543804168701172
Forward: 7.056190490722656
Backward: 17.619192361831665
Opt.step: 1.0844919681549072
Forward: 6.804404020309448
Backward: 17.81838083267212
Opt.step: 1.0766942501068115
Forward: 6.954425811767578
Backward: 17.68110704421997
Opt.step: 1.0608744621276855
Forward: 6.9235100746154785
Backward: 17.801716089248657
Opt.step: 1.0601682662963867
Forward: 6.939516305923462
Backward: 17.071672677993774
Opt.step: 1.0783755779266357
Forward: 6.830163478851318
Backward: 17.871161699295044
Opt.step: 1.0719082355499268
Forward: 6.9824299812316895
Backward: 17.365748405456543
Opt.step: 1.0665712356567383
Forward: 6.9276697635650635
Backward: 18.28259301185608
Opt.step: 1.0658025741577148
Forward: 7.145015239715576
Backward: 17.851330995559692
Opt.step: 1.1132564544677734
Forward: 6.915992259979248
Backward: 17.9837486743927
Opt.step: 1.1091957092285156
Forward: 6.903095960617065
Backward: 17.81527352333069
Opt.step: 1.0079283714294434
Forward: 7.163933038711548
Backward: 17.767850160598755
Opt.step: 1.059629201889038
Forward: 7.083403587341309
Backward: 17.832843780517578
Opt.step: 1.1622369289398193
Forward: 6.903604984283447
Backward: 17.96895670890808
Opt.step: 1.0423283576965332
Forward: 6.949847221374512
Backward: 17.856890439987183
Opt.step: 1.056572437286377
Forward: 7.177392482757568
Backward: 17.619702100753784
Opt.step: 1.101191759109497
Forward: 6.886501312255859
Backward: 17.918049097061157
Opt.step: 1.0830330848693848
Forward: 6.762253284454346
Backward: 18.02310299873352
Opt.step: 1.0533668994903564
Forward: 7.053003549575806
Backward: 17.933433294296265
Opt.step: 1.0470104217529297
Forward: 7.165231943130493
Backward: 17.96601939201355
Opt.step: 1.086226463317871
Forward: 6.942900896072388
Backward: 17.83404302597046
Opt.step: 1.0939216613769531
Forward: 6.856588125228882
Backward: 17.97480082511902
Opt.step: 1.0718247890472412
Forward: 7.182044506072998
Backward: 18.022480964660645
Opt.step: 1.0742242336273193
Forward: 7.08694314956665
Backward: 17.952573776245117
Opt.step: 1.1005282402038574
Forward: 6.848062992095947
Backward: 17.668079614639282
Opt.step: 1.04058837890625
Forward: 6.940160512924194
Backward: 17.655083179473877
Opt.step: 1.078618049621582
Forward: 7.004664421081543
Backward: 17.485304594039917
Opt.step: 1.094566822052002
Forward: 6.794643402099609
Backward: 17.757201433181763
Opt.step: 1.0364782810211182
Forward: 9.895283937454224
Backward: 15.476784229278564
Opt.step: 0.9795844554901123
Forward: 6.231001615524292
Backward: 15.739820003509521
Opt.step: 0.97125244140625
Forward: 6.20366907119751
Backward: 15.534702777862549
Opt.step: 0.9665830135345459
Forward: 6.256180763244629
Backward: 15.55040717124939
Opt.step: 0.9599816799163818
Forward: 6.162333011627197
Backward: 15.55396580696106
Opt.step: 0.9798891544342041
Forward: 6.2425758838653564
Backward: 15.47057032585144
Opt.step: 0.9810850620269775
Forward: 6.194456577301025
Backward: 15.5816068649292
Opt.step: 0.9802730083465576
Forward: 6.199768304824829
Backward: 15.540688276290894
Opt.step: 0.9665923118591309
Forward: 6.238032817840576
Backward: 15.977336168289185
Opt.step: 0.9873006343841553
Forward: 6.263191223144531
Backward: 15.83638858795166
Opt.step: 0.9655523300170898
Forward: 6.294555187225342
Backward: 15.5596284866333
Opt.step: 0.9751083850860596
Forward: 6.2605321407318115
Backward: 15.811583280563354
Opt.step: 0.9795520305633545
Forward: 6.276406764984131
Backward: 15.582284927368164
Opt.step: 0.9889829158782959
Forward: 6.243417739868164
Backward: 15.718600034713745
Opt.step: 0.9727330207824707
Forward: 6.2590813636779785
Backward: 16.169336795806885
Opt.step: 1.0071866512298584
Forward: 6.468468189239502
Backward: 16.8251690864563
Opt.step: 1.0230636596679688
Forward: 6.564911127090454
Backward: 16.250624179840088
Opt.step: 1.0888512134552002
Forward: 6.398474454879761
Backward: 17.600902795791626
Opt.step: 1.3703503608703613
Forward: 7.418747425079346
Backward: 19.087639808654785
Opt.step: 1.3419923782348633
Forward: 7.410060405731201
Backward: 19.898399829864502
Opt.step: 1.3821897506713867
Forward: 7.642529249191284
Backward: 19.346886157989502
Opt.step: 1.2764973640441895
Forward: 7.420944452285767
Backward: 19.406466960906982
Opt.step: 1.2924084663391113
Forward: 7.408380508422852
Backward: 19.372384309768677
Opt.step: 1.4817454814910889
Forward: 7.644749402999878
Backward: 19.52927851676941
Opt.step: 1.3074300289154053
Forward: 7.508865833282471
Backward: 19.69020986557007
Opt.step: 1.316838026046753
Forward: 7.547261476516724
Backward: 19.79070019721985
Opt.step: 1.3333683013916016
Forward: 7.559246063232422
Backward: 19.867300510406494
Opt.step: 1.328690767288208
Forward: 7.8132500648498535
Backward: 20.728559970855713
Opt.step: 1.5128803253173828
Forward: 7.686943292617798
Backward: 20.442519187927246
Opt.step: 1.328014850616455
Forward: 7.6971094608306885
Backward: 20.427047967910767
Opt.step: 1.3976719379425049
Forward: 7.747077703475952
Backward: 20.017048358917236
Opt.step: 1.5187180042266846
Forward: 7.738037824630737
Backward: 20.102606058120728
Opt.step: 1.4013798236846924
Forward: 7.593993186950684
Backward: 20.131823778152466
Opt.step: 1.3148038387298584
Forward: 7.746992588043213
Backward: 19.320362329483032
Opt.step: 1.4129068851470947
Forward: 7.522681713104248
Backward: 19.705588579177856
Opt.step: 1.393571376800537
Forward: 7.573336601257324
Backward: 20.05688786506653
Opt.step: 1.3915801048278809
Forward: 7.392324924468994
Backward: 19.850566387176514
Opt.step: 1.4410653114318848
Forward: 7.520563364028931
Backward: 19.42634606361389
Opt.step: 1.306673288345337
Forward: 7.3945088386535645
Backward: 19.61046838760376
Opt.step: 1.3553922176361084
Forward: 7.460565090179443
Backward: 19.707817554473877
Opt.step: 1.3280136585235596
Forward: 7.598577976226807
Backward: 19.577110767364502
Opt.step: 1.3241872787475586
Forward: 7.426758766174316
Backward: 19.606106281280518
Opt.step: 1.474463701248169
Forward: 7.354036808013916
Backward: 19.52556324005127
Opt.step: 1.4178354740142822
Forward: 7.436915636062622
Backward: 20.076221704483032
Opt.step: 1.385706901550293
Forward: 7.723578929901123
Backward: 19.90236186981201
Opt.step: 1.393711805343628
Forward: 7.652538299560547
Backward: 19.860652208328247
Opt.step: 1.3843395709991455
Forward: 7.557739496231079
Backward: 19.75407075881958
Opt.step: 1.3252744674682617
Forward: 7.620957374572754
Backward: 19.81492257118225
Opt.step: 1.4542181491851807
Forward: 7.7340545654296875
Backward: 19.52468991279602
Opt.step: 1.30568528175354
Forward: 7.280034303665161
Backward: 19.14733076095581
Opt.step: 1.284066915512085
Forward: 7.510554075241089
Backward: 18.791846752166748
Opt.step: 1.3051073551177979
Forward: 7.35763144493103
Backward: 19.29289484024048
Opt.step: 1.302208662033081
Forward: 7.484046459197998
Backward: 19.36334252357483
Opt.step: 1.393035888671875
Forward: 7.519462585449219
Backward: 19.52671790122986
Opt.step: 1.2651305198669434
Forward: 7.312087774276733
Backward: 19.57937502861023
Opt.step: 1.3236324787139893
Forward: 7.576284646987915
Backward: 19.665836095809937
Opt.step: 1.4425325393676758
Forward: 7.6988935470581055
Backward: 19.643934726715088
Opt.step: 1.3308579921722412
Forward: 7.454723358154297
Backward: 19.797052145004272
Opt.step: 1.297558307647705
Forward: 7.414337873458862
Backward: 19.416022300720215
Opt.step: 1.4056370258331299
Forward: 7.7415854930877686
Backward: 19.99870467185974
Opt.step: 1.3842895030975342
Forward: 7.428104877471924
Backward: 19.550783157348633
Opt.step: 1.3675413131713867
Forward: 7.481459856033325
Backward: 19.835795402526855
Opt.step: 1.3246240615844727
Forward: 7.43381404876709
Backward: 19.83434224128723
Opt.step: 1.3636395931243896
Forward: 7.281053781509399
Backward: 19.778891563415527
Opt.step: 1.337003231048584
Forward: 7.5646820068359375
Backward: 19.633923530578613
Opt.step: 1.3185276985168457
Forward: 7.504853248596191
Backward: 19.454243659973145
Opt.step: 1.3241798877716064
Forward: 7.7587080001831055
Backward: 19.59892463684082
Opt.step: 1.396374225616455
Forward: 7.649055004119873
Backward: 19.78334617614746
Opt.step: 1.3551959991455078
Forward: 7.606015205383301
Backward: 20.062496185302734
Opt.step: 1.3170254230499268
Forward: 7.554931879043579
Backward: 19.81311535835266
Opt.step: 1.4524106979370117
Forward: 7.640155792236328
Backward: 19.523679494857788
Opt.step: 1.306922435760498
Forward: 7.408755302429199
Backward: 19.523621082305908
Opt.step: 1.3006646633148193
Forward: 2.312220811843872
Backward: 6.192626476287842
Opt.step: 1.314833164215088
Epoch 1: Validation Loss = 4.244777202606201
Epoch 1: {'bleu': 8.931323091324368}
Saved checkpoint to ./workdir_vocab10000_lr0.001_embd256/checkpoint_epoch1.npz
Forward: 7.110512018203735
Backward: 17.90818476676941
Opt.step: 1.3646559715270996
Forward: 7.497735977172852
Backward: 18.775763273239136
Opt.step: 1.3661150932312012
Forward: 7.0728983879089355
Backward: 18.830674648284912
Opt.step: 1.3047759532928467
Forward: 7.174296855926514
Backward: 19.161457061767578
Opt.step: 1.3423454761505127
Forward: 7.53096079826355
Backward: 17.49703335762024
Opt.step: 1.3730742931365967
Forward: 7.271278381347656
Backward: 18.510358572006226
Opt.step: 1.4594063758850098
Forward: 7.122999906539917
Backward: 17.28491759300232
Opt.step: 1.30045747756958
Forward: 7.265800714492798
Backward: 19.27259659767151
Opt.step: 1.368298053741455
Forward: 7.140020370483398
Backward: 17.646095275878906
Opt.step: 1.386817216873169
Forward: 7.163428544998169
Backward: 19.484864234924316
Opt.step: 1.4211719036102295
Forward: 7.068727016448975
Backward: 18.596006870269775
Opt.step: 1.3304414749145508
Forward: 7.376172065734863
Backward: 19.19783854484558
Opt.step: 1.4373204708099365
Forward: 7.346068620681763
Backward: 17.78719925880432
Opt.step: 1.3961341381072998
Forward: 7.201910018920898
Backward: 19.526270389556885
Opt.step: 1.3226726055145264
Forward: 7.307600736618042
Backward: 18.294118404388428
Opt.step: 1.3789331912994385
Forward: 7.207554817199707
Backward: 18.630708694458008
Opt.step: 1.2938971519470215
Forward: 7.258310317993164
Backward: 17.63528060913086
Opt.step: 1.4690585136413574
Forward: 7.345755577087402
Backward: 19.337077140808105
Opt.step: 1.4933950901031494
Forward: 7.111006498336792
Backward: 18.919158458709717
Opt.step: 1.4069225788116455
Forward: 7.511848211288452
Backward: 18.37517476081848
Opt.step: 1.355484962463379
Forward: 6.967763900756836
Backward: 18.685892581939697
Opt.step: 1.4654858112335205
Forward: 7.372760534286499
Backward: 18.610801696777344
Opt.step: 1.2806904315948486
Forward: 7.238754510879517
Backward: 17.645817518234253
Opt.step: 1.2986059188842773
Forward: 7.073845624923706
Backward: 18.265791177749634
Opt.step: 1.3520026206970215
Forward: 7.51004958152771
Backward: 17.471777200698853
Opt.step: 1.3359580039978027
Forward: 7.09079647064209
Backward: 18.32440423965454
Opt.step: 1.2817046642303467
Forward: 7.347328424453735
Backward: 17.612494945526123
Opt.step: 1.2984576225280762
Forward: 7.166313171386719
Backward: 18.96715521812439
Opt.step: 1.4066414833068848
Forward: 7.322343587875366
Backward: 17.613451719284058
Opt.step: 1.292625904083252
Forward: 7.204710960388184
Backward: 19.00451683998108
Opt.step: 1.276782512664795
Forward: 7.413944959640503
Backward: 17.449211835861206
Opt.step: 1.3272826671600342
Forward: 7.128232717514038
Backward: 19.333054542541504
Opt.step: 1.333252191543579
Forward: 7.4706645011901855
Backward: 17.567343711853027
Opt.step: 1.340747594833374
Forward: 7.170657396316528
Backward: 19.668864727020264
Opt.step: 1.4321296215057373
Forward: 7.559982776641846
Backward: 17.424850702285767
Opt.step: 1.3067939281463623
Forward: 7.178479194641113
Backward: 19.27663803100586
Opt.step: 1.329115629196167
Forward: 7.583425045013428
Backward: 18.15299081802368
Opt.step: 1.3873469829559326
Forward: 7.343580961227417
Backward: 19.06280207633972
Opt.step: 1.3658545017242432
Forward: 7.257329702377319
Backward: 17.6707866191864
Opt.step: 1.345834493637085
Forward: 7.178079128265381
Backward: 19.545586347579956
Opt.step: 1.3329722881317139
Forward: 7.7143473625183105
Backward: 17.655455827713013
Opt.step: 1.336608648300171
Forward: 7.310113906860352
Backward: 19.8694109916687
Opt.step: 1.4980132579803467
Forward: 7.6092610359191895
Backward: 18.053488731384277
Opt.step: 1.3281660079956055
Forward: 7.35271692276001
Backward: 19.01704740524292
Opt.step: 1.324899673461914
Forward: 7.325940132141113
Backward: 18.947835683822632
Opt.step: 1.353992223739624
Forward: 7.552980422973633
Backward: 19.277364015579224
Opt.step: 1.256932020187378
Forward: 7.360736846923828
Backward: 18.132985830307007
Opt.step: 1.3805274963378906
Forward: 7.2751805782318115
Backward: 18.84236764907837
Opt.step: 1.3339366912841797
Forward: 7.3998119831085205
Backward: 18.95256543159485
Opt.step: 1.3287327289581299
Forward: 7.2677977085113525
Backward: 19.47842025756836
Opt.step: 1.3872616291046143
Forward: 7.603752136230469
Backward: 19.06429696083069
Opt.step: 1.3386149406433105
Forward: 7.208120107650757
Backward: 20.00823450088501
Opt.step: 1.3734238147735596
Forward: 7.697590351104736
Backward: 19.441411018371582
Opt.step: 1.3952763080596924
Forward: 7.580631732940674
Backward: 19.580992221832275
Opt.step: 1.406219244003296
Forward: 7.6519622802734375
Backward: 19.596401691436768
Opt.step: 1.3080697059631348
Forward: 7.394174814224243
Backward: 19.858035802841187
Opt.step: 1.338705062866211
Forward: 7.624638319015503
Backward: 19.604065895080566
Opt.step: 1.2885048389434814
Forward: 7.460826635360718
Backward: 19.744105577468872
Opt.step: 1.3917803764343262
Forward: 7.623528003692627
Backward: 19.192632913589478
Opt.step: 1.2898859977722168
Forward: 7.315141677856445
Backward: 19.465617418289185
Opt.step: 1.3719005584716797
Forward: 7.2862184047698975
Backward: 19.218812942504883
Opt.step: 1.3254563808441162
Forward: 7.541484117507935
Backward: 19.668710231781006
Opt.step: 1.3495192527770996
Forward: 7.359596252441406
Backward: 19.493350982666016
Opt.step: 1.3455467224121094
Forward: 7.3957319259643555
Backward: 19.156006574630737
Opt.step: 1.2638976573944092
Forward: 7.344322919845581
Backward: 19.321325540542603
Opt.step: 1.3276305198669434
Forward: 7.406444549560547
Backward: 19.540915966033936
Opt.step: 1.369473934173584
Forward: 7.580439805984497
Backward: 19.497265577316284
Opt.step: 1.2646188735961914
Forward: 7.398385047912598
Backward: 19.429919242858887
Opt.step: 1.32924485206604
Forward: 7.233432292938232
Backward: 19.458600759506226
Opt.step: 1.2982709407806396
Forward: 7.5335493087768555
Backward: 18.82555341720581
Opt.step: 1.2971923351287842
Forward: 7.328418254852295
Backward: 19.283874034881592
Opt.step: 1.3137481212615967
Forward: 7.378501892089844
Backward: 19.291334867477417
Opt.step: 1.1985194683074951
Forward: 7.48926043510437
Backward: 19.521974563598633
Opt.step: 1.3779973983764648
Forward: 7.407311916351318
Backward: 19.6523756980896
Opt.step: 1.2497053146362305
Forward: 7.559495449066162
Backward: 19.302890062332153
Opt.step: 1.2598083019256592
Forward: 7.455792188644409
Backward: 19.55455231666565
Opt.step: 1.3261592388153076
Forward: 7.2887327671051025
Backward: 19.938417434692383
Opt.step: 1.3544092178344727
Forward: 7.599639177322388
Backward: 19.382715702056885
Opt.step: 1.3311777114868164
Forward: 7.306051969528198
Backward: 19.362640142440796
Opt.step: 1.3489091396331787
Forward: 7.4311134815216064
Backward: 19.399203300476074
Opt.step: 1.3878722190856934
Forward: 7.429830074310303
Backward: 19.422138929367065
Opt.step: 1.4023573398590088
Forward: 7.271290063858032
Backward: 19.409274339675903
Opt.step: 1.271012544631958
Forward: 7.358802795410156
Backward: 19.36257576942444
Opt.step: 1.3639793395996094
Forward: 7.310128450393677
Backward: 19.81717538833618
Opt.step: 1.3440003395080566
Forward: 7.444106578826904
Backward: 19.72007131576538
Opt.step: 1.3864643573760986
Forward: 7.385461807250977
Backward: 19.548077821731567
Opt.step: 1.377265214920044
Forward: 7.495366811752319
Backward: 19.611158847808838
Opt.step: 1.2948803901672363
Forward: 7.420409679412842
Backward: 19.340907335281372
Opt.step: 1.3994760513305664
Forward: 7.727181434631348
Backward: 19.482669591903687
Opt.step: 1.3034515380859375
Forward: 7.544842004776001
Backward: 19.609444856643677
Opt.step: 1.3211867809295654
Forward: 7.46391749382019
Backward: 19.30561351776123
Opt.step: 1.2581090927124023
Forward: 7.329834938049316
Backward: 19.29771327972412
Opt.step: 1.317281723022461
Forward: 7.437668800354004
Backward: 19.585083723068237
Opt.step: 1.3996431827545166
Forward: 7.619091033935547
Backward: 19.104355573654175
Opt.step: 1.3152201175689697
Forward: 7.237401962280273
Backward: 19.419774055480957
Opt.step: 1.303600549697876
Forward: 7.36768651008606
Backward: 19.218119859695435
Opt.step: 1.284851312637329
Forward: 7.339446544647217
Backward: 19.340025186538696
Opt.step: 1.3502862453460693
Forward: 7.358367681503296
Backward: 19.408812284469604
Opt.step: 1.3449583053588867
Forward: 7.546870946884155
Backward: 19.44691228866577
Opt.step: 1.288332462310791
Forward: 7.509507417678833
Backward: 19.460029125213623
Opt.step: 1.3218278884887695
Forward: 7.411236524581909
Backward: 18.94636106491089
Opt.step: 1.3200421333312988
Forward: 7.554638624191284
Backward: 19.46182632446289
Opt.step: 1.3288984298706055
Forward: 7.4743640422821045
Backward: 19.47753405570984
Opt.step: 1.2956938743591309
Forward: 7.375595808029175
Backward: 19.508825302124023
Opt.step: 1.3049771785736084
Forward: 7.598126411437988
Backward: 19.262906074523926
Opt.step: 1.3464410305023193
Forward: 7.48910117149353
Backward: 19.789149045944214
Opt.step: 1.3656749725341797
Forward: 7.5323028564453125
Backward: 19.486841440200806
Opt.step: 1.3270282745361328
Forward: 7.444629669189453
Backward: 19.5495126247406
Opt.step: 1.3191814422607422
Forward: 7.431108474731445
Backward: 19.619121074676514
Opt.step: 1.3729588985443115
Forward: 7.720135450363159
Backward: 19.868651390075684
Opt.step: 1.456587553024292
Forward: 7.574548244476318
Backward: 20.07156729698181
Opt.step: 1.3611907958984375
Forward: 7.523793935775757
Backward: 20.02163338661194
Opt.step: 1.4655420780181885
Forward: 7.702695369720459
Backward: 19.695549726486206
Opt.step: 1.4083232879638672
Forward: 7.444059371948242
Backward: 19.802284955978394
Opt.step: 1.3018341064453125
Forward: 7.566081285476685
Backward: 19.91962170600891
Opt.step: 1.3439176082611084
Forward: 7.591243028640747
Backward: 19.884793281555176
Opt.step: 1.3694138526916504
Forward: 7.7484917640686035
Backward: 20.22896385192871
Opt.step: 1.3467447757720947
Forward: 7.7281248569488525
Backward: 19.670307874679565
Opt.step: 1.3667290210723877
Forward: 7.6889002323150635
Backward: 19.977755784988403
Opt.step: 1.3455567359924316
Forward: 7.4361841678619385
Backward: 19.682579040527344
Opt.step: 1.3894004821777344
Forward: 7.663216829299927
Backward: 19.473260402679443
Opt.step: 1.3457295894622803
Forward: 7.433573484420776
Backward: 19.733372688293457
Opt.step: 1.3386752605438232
Forward: 7.345971584320068
Backward: 19.804369688034058
Opt.step: 1.4204463958740234
Forward: 7.524433135986328
Backward: 19.642391443252563
Opt.step: 1.33744215965271
Forward: 7.33953857421875
Backward: 19.481061458587646
Opt.step: 1.2629585266113281
Forward: 7.25278902053833
Backward: 19.353464126586914
Opt.step: 1.3916378021240234
Forward: 7.558546304702759
Backward: 19.677238941192627
Opt.step: 1.3070857524871826
Forward: 7.48804783821106
Backward: 19.706390380859375
Opt.step: 1.486119270324707
Forward: 7.609790563583374
Backward: 19.679961919784546
Opt.step: 1.376072645187378
Forward: 7.588683128356934
Backward: 19.75920844078064
Opt.step: 1.327500581741333
Forward: 7.6061296463012695
Backward: 19.68828272819519
Opt.step: 1.4028775691986084
Forward: 7.7131898403167725
Backward: 19.54440999031067
Opt.step: 1.352034091949463
Forward: 7.548341751098633
Backward: 20.221702098846436
Opt.step: 1.3356678485870361
Forward: 7.567227125167847
Backward: 19.82012414932251
Opt.step: 1.355583906173706
Forward: 7.681835651397705
Backward: 19.732959985733032
Opt.step: 1.3055763244628906
Forward: 7.548396110534668
Backward: 20.156405448913574
Opt.step: 1.3468329906463623
Forward: 7.487055063247681
Backward: 19.188912868499756
Opt.step: 1.3080766201019287
Forward: 7.541808128356934
Backward: 19.339941263198853
Opt.step: 1.283311367034912
Forward: 7.35027813911438
Backward: 19.43582272529602
Opt.step: 1.3111767768859863
Forward: 7.2753777503967285
Backward: 18.85860514640808
Opt.step: 1.2245454788208008
Forward: 7.258319139480591
Backward: 19.29967999458313
Opt.step: 1.2918789386749268
Forward: 7.235930681228638
Backward: 19.032126665115356
Opt.step: 1.3499681949615479
Forward: 7.327866792678833
Backward: 19.073933839797974
Opt.step: 1.3149361610412598
Forward: 7.293024778366089
Backward: 19.128751516342163
Opt.step: 1.3349292278289795
Forward: 7.520221471786499
Backward: 19.129684448242188
Opt.step: 1.2450439929962158
Forward: 7.295746088027954
Backward: 19.730069637298584
Opt.step: 1.3375682830810547
Forward: 7.607389211654663
Backward: 18.913862705230713
Opt.step: 1.3192734718322754
Forward: 7.51694917678833
Backward: 19.481733560562134
Opt.step: 1.3307805061340332
Forward: 7.4745073318481445
Backward: 19.68297028541565
Opt.step: 1.3048479557037354
Forward: 7.466648578643799
Backward: 19.372951984405518
Opt.step: 1.3480968475341797
Forward: 7.624572038650513
Backward: 19.585951566696167
Opt.step: 1.3684189319610596
Forward: 7.419001579284668
Backward: 20.02660369873047
Opt.step: 1.3201701641082764
Forward: 7.544001579284668
Backward: 19.873652696609497
Opt.step: 1.2733709812164307
Forward: 7.723991870880127
Backward: 19.4832603931427
Opt.step: 1.358241319656372
Forward: 7.397855758666992
Backward: 19.74541687965393
Opt.step: 1.4041907787322998
Forward: 7.542581796646118
Backward: 19.52652859687805
Opt.step: 1.4063808917999268
Forward: 2.4487462043762207
Backward: 6.243734836578369
Opt.step: 1.36208176612854
Epoch 2: Validation Loss = 3.9809789657592773
Epoch 2: {'bleu': 10.511853258208184}
Saved checkpoint to ./workdir_vocab10000_lr0.001_embd256/checkpoint_epoch2.npz
Forward: 7.188462018966675
Backward: 19.442248821258545
Opt.step: 1.3615667819976807
Forward: 7.786933660507202
Backward: 19.466248035430908
Opt.step: 1.28505277633667
Forward: 6.911054372787476
Backward: 18.93851137161255
Opt.step: 1.3441417217254639
Forward: 7.2375102043151855
Backward: 18.97982406616211
Opt.step: 1.3546733856201172
Forward: 7.19623327255249
Backward: 19.150601863861084
Opt.step: 1.2969136238098145
Forward: 7.3030335903167725
Backward: 19.425585985183716
Opt.step: 1.376678705215454
Forward: 6.986438274383545
Backward: 17.59196662902832
Opt.step: 1.327808141708374
Forward: 7.097145080566406
Backward: 18.62782382965088
Opt.step: 1.2460873126983643
Forward: 6.846556901931763
Backward: 16.918108224868774
Opt.step: 1.2614452838897705
Forward: 7.060035228729248
Backward: 18.833053588867188
Opt.step: 1.3475680351257324
Forward: 6.9833831787109375
Backward: 18.829726219177246
Opt.step: 1.3485605716705322
Forward: 7.21423077583313
Backward: 18.24735403060913
Opt.step: 1.3021645545959473
Forward: 6.937093019485474
Backward: 17.1378390789032
Opt.step: 1.3607125282287598
Forward: 7.141055345535278
Backward: 17.100419998168945
Opt.step: 1.3644311428070068
Forward: 7.160533666610718
Backward: 17.512223720550537
Opt.step: 1.4164743423461914
Forward: 7.229010581970215
Backward: 17.646880388259888
Opt.step: 1.3741703033447266
Forward: 7.196505784988403
Backward: 18.22866463661194
Opt.step: 1.3318219184875488
Forward: 7.292479515075684
Backward: 18.839572429656982
Opt.step: 1.353151798248291
Forward: 7.2453529834747314
Backward: 18.017953395843506
Opt.step: 1.4320192337036133
Forward: 7.38771390914917
Backward: 17.982346057891846
Opt.step: 1.3402771949768066
Forward: 7.321029424667358
Backward: 17.71868896484375
Opt.step: 1.4079325199127197
Forward: 7.314977407455444
Backward: 18.371219396591187
Opt.step: 1.290149450302124
Forward: 7.23751163482666
Backward: 18.111107349395752
Opt.step: 1.3733832836151123
Forward: 7.357256650924683
Backward: 17.95191264152527
Opt.step: 1.3472466468811035
Forward: 7.291126251220703
Backward: 17.525394916534424
Opt.step: 1.318148136138916
Forward: 6.915947914123535
Backward: 18.38204598426819
Opt.step: 1.3096258640289307
Forward: 7.415242910385132
Backward: 17.81791090965271
Opt.step: 1.3642048835754395
Forward: 7.224130392074585
Backward: 19.314916372299194
Opt.step: 1.3358852863311768
Forward: 7.349201917648315
Backward: 18.11784076690674
Opt.step: 1.3223826885223389
Forward: 7.248930931091309
Backward: 19.06227135658264
Opt.step: 1.3406445980072021
Forward: 7.394299030303955
Backward: 17.890893697738647
Opt.step: 1.3560445308685303
Forward: 7.397850275039673
Backward: 19.854085206985474
Opt.step: 1.3661503791809082
Forward: 7.375295400619507
Backward: 17.90390944480896
Opt.step: 1.3540449142456055
Forward: 7.256149768829346
Backward: 20.28071689605713
Opt.step: 1.324350357055664
Forward: 7.57044792175293
Backward: 17.941083431243896
Opt.step: 1.3314247131347656
Forward: 7.1789937019348145
Backward: 19.72966980934143
Opt.step: 1.3227553367614746
Forward: 7.539227247238159
Backward: 18.130027294158936
Opt.step: 1.3792295455932617
Forward: 7.230439901351929
Backward: 19.693699836730957
Opt.step: 1.3942017555236816
Forward: 7.437206745147705
Backward: 18.38897395133972
Opt.step: 1.3533012866973877
Forward: 7.361368656158447
Backward: 19.56457233428955
Opt.step: 1.3532323837280273
Forward: 7.554111957550049
Backward: 20.106648683547974
Opt.step: 1.3978190422058105
Forward: 7.57599401473999
Backward: 19.406259298324585
Opt.step: 1.3679602146148682
Forward: 7.312744855880737
Backward: 19.334941625595093
Opt.step: 1.2906489372253418
Forward: 7.369236469268799
Backward: 19.367908239364624
Opt.step: 1.3093950748443604
Forward: 7.331221580505371
Backward: 19.103348970413208
Opt.step: 1.297844409942627
Forward: 7.335369110107422
Backward: 19.354707956314087
Opt.step: 1.3555419445037842
Forward: 7.22260046005249
Backward: 19.186689138412476
Opt.step: 1.3827693462371826
Forward: 7.41504979133606
Backward: 19.35529613494873
Opt.step: 1.2618350982666016
Forward: 7.256187677383423
Backward: 19.33529806137085
Opt.step: 1.3611481189727783
Forward: 7.376702308654785
Backward: 19.472660303115845
Opt.step: 1.2907915115356445
Forward: 7.321333408355713
Backward: 19.3455228805542
Opt.step: 1.3117623329162598
Forward: 7.394574165344238
Backward: 19.609846115112305
Opt.step: 1.3010525703430176
Forward: 7.327726602554321
Backward: 19.093642950057983
Opt.step: 1.3089141845703125
Forward: 7.254430532455444
Backward: 19.291215658187866
Opt.step: 1.3852744102478027
Forward: 7.5272040367126465
Backward: 19.325336933135986
Opt.step: 1.297182321548462
Forward: 7.437972784042358
Backward: 19.64657974243164
Opt.step: 1.3132154941558838
Forward: 7.4560935497283936
Backward: 19.461256504058838
Opt.step: 1.306049108505249
Forward: 7.4345502853393555
Backward: 19.105758905410767
Opt.step: 1.2147541046142578
Forward: 7.688636064529419
Backward: 19.52162766456604
Opt.step: 1.2848279476165771
Forward: 7.372643947601318
Backward: 19.384033679962158
Opt.step: 1.379368543624878
Forward: 7.373049259185791
Backward: 19.131776332855225
Opt.step: 1.3063557147979736
Forward: 7.386067628860474
Backward: 19.39946985244751
Opt.step: 1.3331429958343506
Forward: 7.2552056312561035
Backward: 19.151881217956543
Opt.step: 1.3333985805511475
Forward: 7.273972511291504
Backward: 19.272160530090332
Opt.step: 1.3216602802276611
Forward: 7.3089776039123535
Backward: 19.415515422821045
Opt.step: 1.3111965656280518
Forward: 7.410912990570068
Backward: 19.380512952804565
Opt.step: 1.3183863162994385
Forward: 7.552845239639282
Backward: 19.68733239173889
Opt.step: 1.3057506084442139
Forward: 7.38718318939209
Backward: 19.490715742111206
Opt.step: 1.3608791828155518
Forward: 7.543128967285156
Backward: 19.290922164916992
Opt.step: 1.3099720478057861
Forward: 7.507475852966309
Backward: 19.745343923568726
Opt.step: 1.360023021697998
Forward: 7.426987171173096
Backward: 19.40451216697693
Opt.step: 1.4236714839935303
Forward: 7.405754804611206
Backward: 19.578710079193115
Opt.step: 1.341012954711914
Forward: 7.37273383140564
Backward: 19.554956912994385
Opt.step: 1.376612663269043
Forward: 7.544525146484375
Backward: 19.226123094558716
Opt.step: 1.2894949913024902
Forward: 7.377005577087402
Backward: 19.20685362815857
Opt.step: 1.3576016426086426
Forward: 7.4324445724487305
Backward: 19.65157389640808
Opt.step: 1.4331068992614746
Forward: 7.517215967178345
Backward: 19.62297821044922
Opt.step: 1.3988120555877686
Forward: 7.466480016708374
Backward: 19.513776063919067
Opt.step: 1.3480114936828613
Forward: 7.431173086166382
Backward: 19.636986255645752
Opt.step: 1.3295421600341797
Forward: 7.593621730804443
Backward: 19.791823625564575
Opt.step: 1.339951515197754
Forward: 7.431175947189331
Backward: 19.732913494110107
Opt.step: 1.3255233764648438
Forward: 7.422324180603027
Backward: 19.646483182907104
Opt.step: 1.4129283428192139
Forward: 7.556809186935425
Backward: 19.728959798812866
Opt.step: 1.3330669403076172
Forward: 7.419968128204346
Backward: 19.9885573387146
Opt.step: 1.4170246124267578
Forward: 7.656531810760498
Backward: 19.497501850128174
Opt.step: 1.289475679397583
Forward: 7.690704107284546
Backward: 19.680662393569946
Opt.step: 1.3947720527648926
Forward: 7.346722602844238
Backward: 19.692502975463867
Opt.step: 1.435816764831543
Forward: 7.4979636669158936
Backward: 19.717759609222412
Opt.step: 1.3171367645263672
Forward: 7.38696813583374
Backward: 20.07580256462097
Opt.step: 1.3851714134216309
Forward: 7.559529781341553
Backward: 19.746939420700073
Opt.step: 1.427393913269043
Forward: 7.425794363021851
Backward: 19.455376148223877
Opt.step: 1.4271514415740967
Forward: 7.420966148376465
Backward: 19.2622811794281
Opt.step: 1.2634568214416504
Forward: 7.256285190582275
Backward: 19.1559841632843
Opt.step: 1.327606439590454
Forward: 7.528898477554321
Backward: 19.23666477203369
Opt.step: 1.3021206855773926
Forward: 7.338613510131836
Backward: 19.18477511405945
Opt.step: 1.3249869346618652
Forward: 7.267051458358765
Backward: 19.19402813911438
Opt.step: 1.3382060527801514
Forward: 7.40483546257019
Backward: 19.160983562469482
Opt.step: 1.3160197734832764
Forward: 7.412231683731079
Backward: 19.541908502578735
Opt.step: 1.3172974586486816
Forward: 7.5995097160339355
Backward: 19.15841054916382
Opt.step: 1.3106553554534912
Forward: 7.2355945110321045
Backward: 19.459970712661743
Opt.step: 1.3302106857299805
Forward: 7.3566734790802
Backward: 19.053232192993164
Opt.step: 1.2890808582305908
Forward: 7.441025972366333
Backward: 19.227725744247437
Opt.step: 1.3074517250061035
Forward: 7.207889556884766
Backward: 19.099902629852295
Opt.step: 1.2813808917999268
Forward: 7.33154296875
Backward: 19.08422064781189
Opt.step: 1.267012596130371
Forward: 7.237655162811279
Backward: 19.16868495941162
Opt.step: 1.2883374691009521
Forward: 7.284062147140503
Backward: 19.10883069038391
Opt.step: 1.3087072372436523
Forward: 7.394552230834961
Backward: 19.072805404663086
Opt.step: 1.354034185409546
Forward: 7.083104133605957
Backward: 18.93855619430542
Opt.step: 1.2637474536895752
Forward: 7.189891338348389
Backward: 18.792824745178223
Opt.step: 1.2447395324707031
Forward: 7.214339017868042
Backward: 18.865052700042725
Opt.step: 1.3299951553344727
Forward: 7.376219749450684
Backward: 19.018706560134888
Opt.step: 1.4173765182495117
Forward: 7.2843592166900635
Backward: 19.172704458236694
Opt.step: 1.3549435138702393
Forward: 7.346375465393066
Backward: 19.564319133758545
Opt.step: 1.2896034717559814
Forward: 7.365774393081665
Backward: 19.650132179260254
Opt.step: 1.399775743484497
Forward: 7.379240989685059
Backward: 19.240732192993164
Opt.step: 1.2864484786987305
Forward: 7.377184867858887
Backward: 19.626232862472534
Opt.step: 1.3900742530822754
Forward: 7.510281085968018
Backward: 19.324390649795532
Opt.step: 1.3002655506134033
Forward: 7.263803720474243
Backward: 19.450072288513184
Opt.step: 1.3301401138305664
Forward: 7.3407533168792725
Backward: 19.0664119720459
Opt.step: 1.3772892951965332
Forward: 7.517596006393433
Backward: 19.189901113510132
Opt.step: 1.3424272537231445
Forward: 7.320046663284302
Backward: 19.493736505508423
Opt.step: 1.3336379528045654
Forward: 7.528140306472778
Backward: 19.232707738876343
Opt.step: 1.3241071701049805
Forward: 7.460707426071167
Backward: 19.4560809135437
Opt.step: 1.3213565349578857
Forward: 7.614103078842163
Backward: 19.223737716674805
Opt.step: 1.1252553462982178
Forward: 7.328054904937744
Backward: 19.307410717010498
Opt.step: 1.2858476638793945
Forward: 7.475067615509033
Backward: 19.22789454460144
Opt.step: 1.2727749347686768
Forward: 7.257473707199097
Backward: 19.03306818008423
Opt.step: 1.3229074478149414
Forward: 7.334734916687012
Backward: 19.526071548461914
Opt.step: 1.3349926471710205
Forward: 6.979502439498901
Backward: 19.32209587097168
Opt.step: 1.3181111812591553
Forward: 7.3015899658203125
Backward: 19.77849841117859
Opt.step: 1.276421070098877
Forward: 7.451238632202148
Backward: 19.223607778549194
Opt.step: 1.2846379280090332
Forward: 7.28922176361084
Backward: 19.654388427734375
Opt.step: 1.3580524921417236
Forward: 7.6330726146698
Backward: 19.65713095664978
Opt.step: 1.416226863861084
Forward: 7.386487245559692
Backward: 19.827630043029785
Opt.step: 1.3638734817504883
Forward: 7.483383417129517
Backward: 19.736584663391113
Opt.step: 1.3189456462860107
Forward: 7.646293878555298
Backward: 19.615713596343994
Opt.step: 1.248429298400879
Forward: 7.424044132232666
Backward: 19.676987648010254
Opt.step: 1.3376634120941162
Forward: 7.392089605331421
Backward: 19.19178819656372
Opt.step: 1.3394856452941895
Forward: 7.487781763076782
Backward: 19.564290046691895
Opt.step: 1.3095588684082031
Forward: 7.513411521911621
Backward: 19.735074281692505
Opt.step: 1.2860472202301025
Forward: 7.34284520149231
Backward: 18.67486548423767
Opt.step: 1.3074126243591309
Forward: 7.31864857673645
Backward: 18.9185950756073
Opt.step: 1.3427109718322754
Forward: 7.26952600479126
Backward: 19.412383556365967
Opt.step: 1.3116352558135986
Forward: 7.422004222869873
Backward: 19.91763949394226
Opt.step: 1.3766188621520996
Forward: 7.557381868362427
Backward: 19.591583013534546
Opt.step: 1.4072844982147217
Forward: 7.377389669418335
Backward: 19.874818563461304
Opt.step: 1.3563945293426514
Forward: 7.50473165512085
Backward: 19.120254039764404
Opt.step: 1.411895513534546
Forward: 7.338062524795532
Backward: 19.627927780151367
Opt.step: 1.260146141052246
Forward: 7.378183841705322
Backward: 19.195533514022827
Opt.step: 1.312053918838501
Forward: 7.342656850814819
Backward: 19.254819631576538
Opt.step: 1.4268825054168701
Forward: 7.446069240570068
Backward: 19.445637464523315
Opt.step: 1.3703982830047607
Forward: 7.535882472991943
Backward: 19.464273929595947
Opt.step: 1.288560390472412
Forward: 7.342466115951538
Backward: 20.180166721343994
Opt.step: 1.3751499652862549
Forward: 7.6581950187683105
Backward: 19.95397663116455
Opt.step: 1.2928416728973389
Forward: 7.343729496002197
Backward: 19.541516065597534
Opt.step: 1.3796803951263428
Forward: 7.398799657821655
Backward: 19.622642278671265
Opt.step: 1.2765533924102783
Forward: 2.469865083694458
Backward: 6.129624843597412
Opt.step: 1.2885055541992188
Epoch 3: Validation Loss = 3.7603578567504883
Epoch 3: {'bleu': 10.365572281510723}
Saved checkpoint to ./workdir_vocab10000_lr0.001_embd256/checkpoint_epoch3.npz
Forward: 7.222704172134399
Backward: 19.359957695007324
Opt.step: 1.3260602951049805
Forward: 7.507164716720581
Backward: 18.928160667419434
Opt.step: 1.3108768463134766
Forward: 7.175032615661621
Backward: 18.320496797561646
Opt.step: 1.3908429145812988
Forward: 7.315485000610352
Backward: 18.901673078536987
Opt.step: 1.4209940433502197
Forward: 7.061992406845093
Backward: 19.292119026184082
Opt.step: 1.2878224849700928
Forward: 7.082987546920776
Backward: 19.2087459564209
Opt.step: 1.388063669204712
Forward: 7.173438549041748
Backward: 18.106258153915405
Opt.step: 1.4199190139770508
Forward: 7.042187929153442
Backward: 18.37092900276184
Opt.step: 1.3878295421600342
Forward: 7.334521293640137
Backward: 18.472134590148926
Opt.step: 1.3190217018127441
Forward: 7.189530611038208
Backward: 18.148430585861206
Opt.step: 1.3496532440185547
Forward: 7.007613182067871
Backward: 17.767451286315918
Opt.step: 1.3950204849243164
Forward: 7.211277723312378
Backward: 17.820398569107056
Opt.step: 1.302290439605713
Forward: 7.197932004928589
Backward: 18.282814025878906
Opt.step: 1.3693602085113525
Forward: 7.2588276863098145
Backward: 18.576789379119873
Opt.step: 1.4288148880004883
Forward: 7.228578567504883
Backward: 17.72087335586548
Opt.step: 1.3007142543792725
Forward: 7.10603141784668
Backward: 18.57666254043579
Opt.step: 1.3175537586212158
Forward: 7.135788440704346
Backward: 18.347452878952026
Opt.step: 1.3537640571594238
Forward: 7.183688402175903
Backward: 17.951751708984375
Opt.step: 1.2858407497406006
Forward: 7.208646059036255
Backward: 17.66046142578125
Opt.step: 1.3802356719970703
Forward: 7.26631498336792
Backward: 18.024504899978638
Opt.step: 1.375460147857666
Forward: 7.385177850723267
Backward: 17.59498929977417
Opt.step: 1.3506073951721191
Forward: 7.1453001499176025
Backward: 17.991443157196045
Opt.step: 1.3675568103790283
Forward: 7.1598522663116455
Backward: 17.51127004623413
Opt.step: 1.357450008392334
Forward: 7.158369302749634
Backward: 18.326191425323486
Opt.step: 1.3201160430908203
Forward: 7.440940856933594
Backward: 17.781689405441284
Opt.step: 1.3110554218292236
Forward: 7.264920711517334
Backward: 18.664313077926636
Opt.step: 1.3313548564910889
Forward: 7.155429840087891
Backward: 17.338599681854248
Opt.step: 1.3984043598175049
Forward: 7.350446462631226
Backward: 19.53843402862549
Opt.step: 1.3439366817474365
Forward: 7.277602434158325
Backward: 17.016929149627686
Opt.step: 1.3606784343719482
Forward: 6.966660737991333
Backward: 19.064567804336548
Opt.step: 1.4222567081451416
Forward: 7.575152158737183
Backward: 18.11637568473816
Opt.step: 1.3063385486602783
Forward: 7.195618629455566
Backward: 19.260284185409546
Opt.step: 1.3430156707763672
Forward: 7.628603935241699
Backward: 18.417205095291138
Opt.step: 1.3369174003601074
Forward: 7.185175180435181
Backward: 20.10800266265869
Opt.step: 1.3777120113372803
Forward: 7.776358366012573
Backward: 18.009498119354248
Opt.step: 1.374178171157837
Forward: 7.261735200881958
Backward: 20.06465792655945
Opt.step: 1.3238203525543213
Forward: 7.598593473434448
Backward: 17.911494731903076
Opt.step: 1.4108386039733887
Forward: 7.340309381484985
Backward: 19.625160455703735
Opt.step: 1.3896100521087646
Forward: 7.335414886474609
Backward: 17.74914264678955
Opt.step: 1.3521225452423096
Forward: 7.491934061050415
Backward: 19.84088969230652
Opt.step: 1.325331449508667
Forward: 7.816234111785889
Backward: 18.25471019744873
Opt.step: 1.3301928043365479
Forward: 7.211804628372192
Backward: 20.092659950256348
Opt.step: 1.39205002784729
Forward: 7.700643062591553
Backward: 17.8296217918396
Opt.step: 1.4172017574310303
Forward: 7.095717668533325
Backward: 20.18083167076111
Opt.step: 1.4521796703338623
Forward: 7.551679611206055
Backward: 17.748550415039062
Opt.step: 1.4112904071807861
Forward: 7.3235838413238525
Backward: 19.513772010803223
Opt.step: 1.2891008853912354
Forward: 7.4559643268585205
Backward: 19.126623392105103
Opt.step: 1.4018518924713135
Forward: 7.388614654541016
Backward: 18.912571668624878
Opt.step: 1.346912145614624
Forward: 7.317611455917358
Backward: 18.066238164901733
Opt.step: 1.2838618755340576
Forward: 7.29347038269043
Backward: 18.83452272415161
Opt.step: 1.3198626041412354
Forward: 7.174806356430054
Backward: 18.283024549484253
Opt.step: 1.3403956890106201
Forward: 7.313309669494629
Backward: 18.78464913368225
Opt.step: 1.329103946685791
Forward: 7.5255138874053955
Backward: 18.12803077697754
Opt.step: 1.313422441482544
Forward: 7.216481447219849
Backward: 19.44392204284668
Opt.step: 1.3423073291778564
Forward: 7.371063947677612
Backward: 18.16033124923706
Opt.step: 1.3744349479675293
Forward: 7.4222142696380615
Backward: 19.099700927734375
Opt.step: 1.375781774520874
Forward: 7.578492879867554
Backward: 19.394479513168335
Opt.step: 1.360492467880249
Forward: 7.475855827331543
Backward: 19.574168920516968
Opt.step: 1.374891757965088
Forward: 7.558659076690674
Backward: 19.75323724746704
Opt.step: 1.362196683883667
Forward: 7.4121081829071045
Backward: 19.00521683692932
Opt.step: 1.3751811981201172
Forward: 7.412013530731201
Backward: 18.258506536483765
Opt.step: 1.3701622486114502
Forward: 7.4248046875
Backward: 19.613001346588135
Opt.step: 1.3225188255310059
Forward: 7.194677352905273
Backward: 19.0623619556427
Opt.step: 1.3915939331054688
Forward: 7.365236759185791
Backward: 19.72472310066223
Opt.step: 1.342679500579834
Forward: 7.480610370635986
Backward: 19.27241063117981
Opt.step: 1.3966209888458252
Forward: 7.534795045852661
Backward: 19.709022521972656
Opt.step: 1.3646280765533447
Forward: 7.507464170455933
Backward: 19.75096845626831
Opt.step: 1.3770713806152344
Forward: 7.5406739711761475
Backward: 19.909566640853882
Opt.step: 1.3572640419006348
Forward: 7.5630412101745605
Backward: 19.872066974639893
Opt.step: 1.4059529304504395
Forward: 7.439782619476318
Backward: 19.686190128326416
Opt.step: 1.3681299686431885
Forward: 7.466208219528198
Backward: 19.764683723449707
Opt.step: 1.4268863201141357
Forward: 7.639146089553833
Backward: 19.850207567214966
Opt.step: 1.43239426612854
Forward: 7.6720802783966064
Backward: 19.080917596817017
Opt.step: 1.2800519466400146
Forward: 7.285935878753662
Backward: 19.41429853439331
Opt.step: 1.4257922172546387
Forward: 7.5363428592681885
Backward: 19.440123796463013
Opt.step: 1.3222582340240479
Forward: 7.371317386627197
Backward: 19.497371912002563
Opt.step: 1.3295707702636719
Forward: 7.504587888717651
Backward: 19.55236029624939
Opt.step: 1.4295151233673096
Forward: 7.495526075363159
Backward: 19.549594163894653
Opt.step: 1.3111073970794678
Forward: 7.3929266929626465
Backward: 19.015920400619507
Opt.step: 1.3368732929229736
Forward: 6.9301159381866455
Backward: 19.692659616470337
Opt.step: 1.3283014297485352
Forward: 7.453136920928955
Backward: 19.83619999885559
Opt.step: 1.3056910037994385
Forward: 7.527924299240112
Backward: 19.736361980438232
Opt.step: 1.4217219352722168
Forward: 7.583176851272583
Backward: 19.49754309654236
Opt.step: 1.288292407989502
Forward: 7.336039781570435
Backward: 19.80698800086975
Opt.step: 1.355332612991333
Forward: 7.744396924972534
Backward: 19.447486400604248
Opt.step: 1.339221477508545
Forward: 7.428286790847778
Backward: 19.659805059432983
Opt.step: 1.3627901077270508
Forward: 7.494828224182129
Backward: 19.744418621063232
Opt.step: 1.303114891052246
Forward: 7.505281686782837
Backward: 19.808706045150757
Opt.step: 1.3397390842437744
Forward: 7.598203182220459
Backward: 20.029568910598755
Opt.step: 1.3495912551879883
Forward: 7.450533628463745
Backward: 19.61177349090576
Opt.step: 1.3502137660980225
Forward: 7.592947959899902
Backward: 19.761213302612305
Opt.step: 1.339165210723877
Forward: 7.527336120605469
Backward: 19.768750429153442
Opt.step: 1.290977954864502
Forward: 7.622519493103027
Backward: 19.677499532699585
Opt.step: 1.2790429592132568
Forward: 7.60277247428894
Backward: 19.75600838661194
Opt.step: 1.3537862300872803
Forward: 7.555215120315552
Backward: 19.806341409683228
Opt.step: 1.2125210762023926
Forward: 7.988527059555054
Backward: 19.618507146835327
Opt.step: 1.3435115814208984
Forward: 7.340416193008423
Backward: 19.580902338027954
Opt.step: 1.268726110458374
Forward: 7.376766681671143
Backward: 19.239989519119263
Opt.step: 1.3383941650390625
Forward: 7.3977952003479
Backward: 19.672823667526245
Opt.step: 1.3047747611999512
Forward: 7.3273820877075195
Backward: 19.5864474773407
Opt.step: 1.3554203510284424
Forward: 7.499267578125
Backward: 19.57596707344055
Opt.step: 1.3393404483795166
Forward: 7.586454391479492
Backward: 19.59957194328308
Opt.step: 1.2763469219207764
Forward: 7.421127557754517
Backward: 19.615718603134155
Opt.step: 1.3653647899627686
Forward: 7.539317846298218
Backward: 19.89850664138794
Opt.step: 1.4464449882507324
Forward: 7.7176878452301025
Backward: 19.898257970809937
Opt.step: 1.3312389850616455
Forward: 7.612260103225708
Backward: 20.11713147163391
Opt.step: 1.3455142974853516
Forward: 7.594173908233643
Backward: 19.761706113815308
Opt.step: 1.3763117790222168
Forward: 7.643096208572388
Backward: 19.785444974899292
Opt.step: 1.3312814235687256
Forward: 7.471782445907593
Backward: 19.80133032798767
Opt.step: 1.4230153560638428
Forward: 7.540484666824341
Backward: 19.66715955734253
Opt.step: 1.3471417427062988
Forward: 7.393490791320801
Backward: 19.88737416267395
Opt.step: 1.441540241241455
Forward: 7.266175746917725
Backward: 18.77120018005371
Opt.step: 1.2775297164916992
Forward: 7.44528341293335
Backward: 19.457399129867554
Opt.step: 1.2749886512756348
Forward: 7.355961561203003
Backward: 19.68043828010559
Opt.step: 1.3239240646362305
Forward: 7.439214468002319
Backward: 19.23713707923889
Opt.step: 1.3114748001098633
Forward: 7.350166320800781
Backward: 19.73845338821411
Opt.step: 1.3158953189849854
Forward: 7.499783992767334
Backward: 19.61523962020874
Opt.step: 1.3535847663879395
Forward: 7.5426061153411865
Backward: 19.473177194595337
Opt.step: 1.3147375583648682
Forward: 7.405385971069336
Backward: 19.706909894943237
Opt.step: 1.3604393005371094
Forward: 7.421484470367432
Backward: 19.546016216278076
Opt.step: 1.352353811264038
Forward: 7.6331467628479
Backward: 20.100836992263794
Opt.step: 1.2699615955352783
Forward: 7.427109241485596
Backward: 19.628689289093018
Opt.step: 1.4228076934814453
Forward: 7.455227851867676
Backward: 19.301016807556152
Opt.step: 1.3407227993011475
Forward: 7.493267059326172
Backward: 19.513296127319336
Opt.step: 1.3290743827819824
Forward: 7.317946672439575
Backward: 19.49682068824768
Opt.step: 1.3500046730041504
Forward: 7.448383569717407
Backward: 19.249845027923584
Opt.step: 1.2916178703308105
Forward: 7.428717136383057
Backward: 19.71254277229309
Opt.step: 1.3366332054138184
Forward: 7.4887635707855225
Backward: 19.309231758117676
Opt.step: 1.2916259765625
Forward: 7.455699443817139
Backward: 19.349824905395508
Opt.step: 1.313701868057251
Forward: 7.385979175567627
Backward: 19.523495197296143
Opt.step: 1.277496576309204
Forward: 7.510422468185425
Backward: 19.345049619674683
Opt.step: 1.3250865936279297
Forward: 7.389793157577515
Backward: 19.4664044380188
Opt.step: 1.2521443367004395
Forward: 7.499631643295288
Backward: 19.541866779327393
Opt.step: 1.3915891647338867
Forward: 7.555452108383179
Backward: 19.590922117233276
Opt.step: 1.3123633861541748
Forward: 7.566099643707275
Backward: 19.706738471984863
Opt.step: 1.2984135150909424
Forward: 7.3470776081085205
Backward: 19.475311279296875
Opt.step: 1.3704476356506348
Forward: 7.490609169006348
Backward: 19.592912435531616
Opt.step: 1.2746849060058594
Forward: 7.467760801315308
Backward: 19.433465003967285
Opt.step: 1.300419807434082
Forward: 7.49741005897522
Backward: 19.41031813621521
Opt.step: 1.3040838241577148
Forward: 7.516056299209595
Backward: 19.392032146453857
Opt.step: 1.3720743656158447
Forward: 7.506115913391113
Backward: 19.671594619750977
Opt.step: 1.3075616359710693
Forward: 7.42676568031311
Backward: 19.346420526504517
Opt.step: 1.282088041305542
Forward: 7.4081902503967285
Backward: 19.391749620437622
Opt.step: 1.2755274772644043
Forward: 7.492082118988037
Backward: 19.15298080444336
Opt.step: 1.183007001876831
Forward: 7.970576047897339
Backward: 19.617207050323486
Opt.step: 1.325906753540039
Forward: 7.539629936218262
Backward: 19.934195280075073
Opt.step: 1.302854299545288
Forward: 7.4314658641815186
Backward: 19.70030379295349
Opt.step: 1.3141932487487793
Forward: 7.713837385177612
Backward: 19.59427809715271
Opt.step: 1.3533427715301514
Forward: 7.411505937576294
Backward: 20.18112802505493
Opt.step: 1.3181145191192627
Forward: 7.4645631313323975
Backward: 19.731411695480347
Opt.step: 1.3025579452514648
Forward: 7.572266101837158
Backward: 19.008479356765747
Opt.step: 1.371962547302246
Forward: 7.409154415130615
Backward: 19.54396390914917
Opt.step: 1.293278694152832
Forward: 7.571719408035278
Backward: 19.78491520881653
Opt.step: 1.3228073120117188
Forward: 7.540471792221069
Backward: 19.465930223464966
Opt.step: 1.2865245342254639
Forward: 7.387210130691528
Backward: 19.585259199142456
Opt.step: 1.3280630111694336
Forward: 7.577256679534912
Backward: 19.575833082199097
Opt.step: 1.323885202407837
Forward: 2.403568744659424
Backward: 6.137993097305298
Opt.step: 1.2969131469726562
Epoch 4: Validation Loss = 3.5946033000946045
Epoch 4: {'bleu': 11.92290770093862}
Saved checkpoint to ./workdir_vocab10000_lr0.001_embd256/checkpoint_epoch4.npz
Forward: 7.30288290977478
Backward: 19.388976097106934
Opt.step: 1.3459372520446777
Forward: 7.488576889038086
Backward: 18.865588903427124
Opt.step: 1.3130874633789062
Forward: 7.233545541763306
Backward: 18.173376321792603
Opt.step: 1.3671910762786865
Forward: 7.174994945526123
Backward: 18.59440517425537
Opt.step: 1.424227237701416
Forward: 7.072044610977173
Backward: 18.35867404937744
Opt.step: 1.3465440273284912
Forward: 7.146417140960693
Backward: 18.629430532455444
Opt.step: 1.36873459815979
Forward: 6.980011940002441
Backward: 18.366093158721924
Opt.step: 1.5603866577148438
Forward: 7.2058610916137695
Backward: 17.898619890213013
Opt.step: 1.4038662910461426
Forward: 7.166887283325195
Backward: 17.741660118103027
Opt.step: 1.4298677444458008
Forward: 7.501279830932617
Backward: 18.425944089889526
Opt.step: 1.3011744022369385
Forward: 7.188624858856201
Backward: 18.73208975791931
Opt.step: 1.3196330070495605
Forward: 7.2655885219573975
Backward: 18.343462228775024
Opt.step: 1.350506067276001
Forward: 7.193312406539917
Backward: 18.538191318511963
Opt.step: 1.336031198501587
Forward: 7.203807830810547
Backward: 18.560054540634155
Opt.step: 1.4699480533599854
Forward: 7.250350475311279
Backward: 18.622243404388428
Opt.step: 1.3376045227050781
Forward: 7.277089357376099
Backward: 18.776738166809082
Opt.step: 1.4327068328857422
Forward: 7.1163811683654785
Backward: 18.783106565475464
Opt.step: 1.360020399093628
Forward: 7.342863082885742
Backward: 18.058403730392456
Opt.step: 1.4031810760498047
Forward: 7.203710556030273
Backward: 18.714646339416504
Opt.step: 1.3797073364257812
Forward: 7.27885103225708
Backward: 18.260786533355713
Opt.step: 1.1737899780273438
Forward: 7.156080961227417
Backward: 19.156139612197876
Opt.step: 1.313488483428955
Forward: 7.105036020278931
Backward: 18.95571756362915
Opt.step: 1.3570733070373535
Forward: 7.419604539871216
Backward: 17.821533203125
Opt.step: 1.331547498703003
Forward: 7.098401308059692
Backward: 19.748236656188965
Opt.step: 1.3456752300262451
Forward: 7.507487535476685
Backward: 17.506505727767944
Opt.step: 1.3587086200714111
Forward: 7.198251247406006
Backward: 19.86426544189453
Opt.step: 1.3452236652374268
Forward: 7.43398380279541
Backward: 17.799154043197632
Opt.step: 1.3937747478485107
Forward: 7.3887693881988525
Backward: 19.593620777130127
Opt.step: 1.3337104320526123
Forward: 7.394794702529907
Backward: 17.670228242874146
Opt.step: 1.2804982662200928
Forward: 7.253272771835327
Backward: 19.067984104156494
Opt.step: 1.1013693809509277
Forward: 7.367830038070679
Backward: 17.545373678207397
Opt.step: 1.313223123550415
Forward: 7.010150671005249
Backward: 19.457206964492798
Opt.step: 1.3394899368286133
Forward: 7.69647216796875
Backward: 17.671099424362183
Opt.step: 1.2966225147247314
Forward: 7.0987865924835205
Backward: 19.741573095321655
Opt.step: 1.3293077945709229
Forward: 7.37004542350769
Backward: 18.227081298828125
Opt.step: 1.2900595664978027
Forward: 7.250821590423584
Backward: 19.912155151367188
Opt.step: 1.3138813972473145
Forward: 7.46053409576416
Backward: 17.613754987716675
Opt.step: 1.403914213180542
Forward: 7.425326108932495
Backward: 19.541237115859985
Opt.step: 1.3268272876739502
Forward: 7.622953176498413
Backward: 19.249516487121582
Opt.step: 1.3517413139343262
Forward: 7.323729515075684
Backward: 19.409812927246094
Opt.step: 1.3235394954681396
Forward: 7.546751499176025
Backward: 19.04201579093933
Opt.step: 1.3344719409942627
Forward: 7.360576391220093
Backward: 19.68744134902954
Opt.step: 1.3656127452850342
Forward: 7.379681825637817
Backward: 19.072253942489624
Opt.step: 1.365070104598999
Forward: 7.337965488433838
Backward: 18.98020315170288
Opt.step: 1.274366855621338
Forward: 7.284706115722656
Backward: 18.725642919540405
Opt.step: 1.3236432075500488
Forward: 7.215626955032349
Backward: 19.605859994888306
Opt.step: 1.317274808883667
Forward: 7.56236457824707
Backward: 19.61078667640686
Opt.step: 1.273702621459961
Forward: 7.468032598495483
Backward: 19.53946352005005
Opt.step: 1.3125271797180176
Forward: 7.438549280166626
Backward: 19.438331127166748
Opt.step: 1.2920632362365723
Forward: 7.420891523361206
Backward: 19.51915669441223
Opt.step: 1.2711241245269775
Forward: 7.6121299266815186
Backward: 19.554290294647217
Opt.step: 1.3796195983886719
Forward: 7.4921956062316895
Backward: 19.585540056228638
Opt.step: 1.3248028755187988
Forward: 7.47701096534729
Backward: 20.01728320121765
Opt.step: 1.3822839260101318
Forward: 7.521450042724609
Backward: 19.334880590438843
Opt.step: 1.304009199142456
Forward: 7.487562417984009
Backward: 20.396514654159546
Opt.step: 1.4022495746612549
Forward: 7.652571201324463
Backward: 19.796820878982544
Opt.step: 1.3807129859924316
Forward: 7.561707496643066
Backward: 19.349528074264526
Opt.step: 1.349618673324585
Forward: 7.426866054534912
Backward: 20.307661294937134
Opt.step: 1.384615182876587
Forward: 7.65498685836792
Backward: 18.602349996566772
Opt.step: 1.277646780014038
Forward: 7.35694694519043
Backward: 20.322473287582397
Opt.step: 1.4110121726989746
Forward: 7.6640496253967285
Backward: 19.645837545394897
Opt.step: 1.4233298301696777
Forward: 7.623979806900024
Backward: 19.91171431541443
Opt.step: 1.4903271198272705
Forward: 7.682852268218994
Backward: 18.96001672744751
Opt.step: 1.1392004489898682
Forward: 7.229269981384277
Backward: 19.436382055282593
Opt.step: 1.2775804996490479
Forward: 7.413616418838501
Backward: 19.453158855438232
Opt.step: 1.3069472312927246
Forward: 7.4371209144592285
Backward: 19.706742763519287
Opt.step: 1.3244831562042236
Forward: 7.367925643920898
Backward: 19.41793990135193
Opt.step: 1.3476221561431885
Forward: 7.478447914123535
Backward: 19.480249404907227
Opt.step: 1.294255018234253
Forward: 7.36685037612915
Backward: 19.718728065490723
Opt.step: 1.412858009338379
Forward: 7.433348894119263
Backward: 19.39365577697754
Opt.step: 1.317202091217041
Forward: 7.347504615783691
Backward: 19.954278230667114
Opt.step: 1.3423852920532227
Forward: 7.427424907684326
Backward: 19.778825521469116
Opt.step: 1.3518550395965576
Forward: 7.555142879486084
Backward: 19.547405242919922
Opt.step: 1.346487283706665
Forward: 7.440578937530518
Backward: 19.21584129333496
Opt.step: 1.3312768936157227
Forward: 7.372727155685425
Backward: 19.33491325378418
Opt.step: 1.3468773365020752
Forward: 7.571738004684448
Backward: 19.435513496398926
Opt.step: 1.3744258880615234
Forward: 7.396856307983398
Backward: 20.129889965057373
Opt.step: 1.4237749576568604
Forward: 7.465293645858765
Backward: 19.53178834915161
Opt.step: 1.3486731052398682
Forward: 7.610382318496704
Backward: 19.437031269073486
Opt.step: 1.1985809803009033
Forward: 7.769556999206543
Backward: 19.79615044593811
Opt.step: 1.4390296936035156
Forward: 7.530608654022217
Backward: 19.677128314971924
Opt.step: 1.3327414989471436
Forward: 7.433776140213013
Backward: 20.009962558746338
Opt.step: 1.3788022994995117
Forward: 7.558786392211914
Backward: 19.4151668548584
Opt.step: 1.3348455429077148
Forward: 7.673672437667847
Backward: 19.632920503616333
Opt.step: 1.3390018939971924
Forward: 7.526668071746826
Backward: 20.042454719543457
Opt.step: 1.342907190322876
Forward: 7.7554895877838135
Backward: 19.861607313156128
Opt.step: 1.3317608833312988
Forward: 7.512794256210327
Backward: 20.21113395690918
Opt.step: 1.357469081878662
Forward: 7.52722430229187
Backward: 20.0862820148468
Opt.step: 1.4947967529296875
Forward: 7.516916275024414
Backward: 19.749735116958618
Opt.step: 1.40651273727417
Forward: 7.6079347133636475
Backward: 19.578930616378784
Opt.step: 1.3051743507385254
Forward: 7.507863283157349
Backward: 20.12386918067932
Opt.step: 1.3178019523620605
Forward: 7.624016523361206
Backward: 19.96813178062439
Opt.step: 1.384498119354248
Forward: 7.4988179206848145
Backward: 20.13742446899414
Opt.step: 1.3429405689239502
Forward: 7.695581436157227
Backward: 19.943719148635864
Opt.step: 1.4377458095550537
Forward: 7.661694288253784
Backward: 19.393430709838867
Opt.step: 1.279632329940796
Forward: 7.935164928436279
Backward: 19.471449613571167
Opt.step: 1.2996141910552979
Forward: 7.4096808433532715
Backward: 19.47879981994629
Opt.step: 1.3001887798309326
Forward: 7.5396177768707275
Backward: 19.622856855392456
Opt.step: 1.3693351745605469
Forward: 7.568696975708008
Backward: 20.025910139083862
Opt.step: 1.3905284404754639
Forward: 7.572759628295898
Backward: 19.76471185684204
Opt.step: 1.440537929534912
Forward: 7.673458814620972
Backward: 19.680240392684937
Opt.step: 1.338517665863037
Forward: 7.501092433929443
Backward: 19.771241903305054
Opt.step: 1.448075771331787
Forward: 7.402544260025024
Backward: 19.50879406929016
Opt.step: 1.3192119598388672
Forward: 7.416079998016357
Backward: 19.95500922203064
Opt.step: 1.3216772079467773
Forward: 7.469503879547119
Backward: 19.631940364837646
Opt.step: 1.3660953044891357
Forward: 7.421782732009888
Backward: 19.48540997505188
Opt.step: 1.3066987991333008
Forward: 7.433804273605347
Backward: 19.707961082458496
Opt.step: 1.3293282985687256
Forward: 7.336713075637817
Backward: 19.4426486492157
Opt.step: 1.4257211685180664
Forward: 7.431352615356445
Backward: 19.54165530204773
Opt.step: 1.3588411808013916
Forward: 7.597905158996582
Backward: 19.747779607772827
Opt.step: 1.3721904754638672
Forward: 7.490257024765015
Backward: 19.635665893554688
Opt.step: 1.382007360458374
Forward: 7.1769118309021
Backward: 19.242719173431396
Opt.step: 1.313276767730713
Forward: 7.312113285064697
Backward: 19.314013957977295
Opt.step: 1.3990087509155273
Forward: 7.555611610412598
Backward: 19.217936515808105
Opt.step: 1.2541968822479248
Forward: 7.2666449546813965
Backward: 19.545039415359497
Opt.step: 1.3005061149597168
Forward: 7.428633689880371
Backward: 19.31338095664978
Opt.step: 1.2934677600860596
Forward: 7.322085857391357
Backward: 19.35311508178711
Opt.step: 1.334357738494873
Forward: 7.373567342758179
Backward: 19.56225848197937
Opt.step: 1.2877826690673828
Forward: 7.382101058959961
Backward: 19.472110271453857
Opt.step: 1.309166431427002
Forward: 7.490630149841309
Backward: 19.424402236938477
Opt.step: 1.3189001083374023
Forward: 7.441370964050293
Backward: 19.363507747650146
Opt.step: 1.3529393672943115
Forward: 7.535155773162842
Backward: 19.310356855392456
Opt.step: 1.3066961765289307
Forward: 7.382136106491089
Backward: 19.434998512268066
Opt.step: 1.3313281536102295
Forward: 7.409317255020142
Backward: 19.4063401222229
Opt.step: 1.322716474533081
Forward: 7.414731740951538
Backward: 19.299354791641235
Opt.step: 1.338296890258789
Forward: 7.314371109008789
Backward: 19.449583768844604
Opt.step: 1.280834436416626
Forward: 7.3446619510650635
Backward: 19.301880598068237
Opt.step: 1.333575963973999
Forward: 7.522931814193726
Backward: 19.485198974609375
Opt.step: 1.116492748260498
Forward: 7.4667627811431885
Backward: 20.093220949172974
Opt.step: 1.4509882926940918
Forward: 7.502742528915405
Backward: 19.81660509109497
Opt.step: 1.368767499923706
Forward: 7.61782431602478
Backward: 19.774411916732788
Opt.step: 1.4067444801330566
Forward: 7.60930061340332
Backward: 19.90241265296936
Opt.step: 1.3645431995391846
Forward: 7.559381484985352
Backward: 20.15804934501648
Opt.step: 1.3382506370544434
Forward: 7.694383144378662
Backward: 20.101070404052734
Opt.step: 1.3229429721832275
Forward: 7.492932081222534
Backward: 20.152466297149658
Opt.step: 1.3488233089447021
Forward: 7.610846996307373
Backward: 19.773040294647217
Opt.step: 1.3637785911560059
Forward: 7.4919798374176025
Backward: 19.827258348464966
Opt.step: 1.354572057723999
Forward: 7.576490879058838
Backward: 19.874552726745605
Opt.step: 1.3410193920135498
Forward: 7.431121110916138
Backward: 19.807157516479492
Opt.step: 1.336477279663086
Forward: 7.541368246078491
Backward: 19.952367544174194
Opt.step: 1.4280550479888916
Forward: 7.601389646530151
Backward: 19.49867558479309
Opt.step: 1.4110476970672607
Forward: 7.7200095653533936
Backward: 19.89168429374695
Opt.step: 1.3659584522247314
Forward: 7.779084920883179
Backward: 20.10882878303528
Opt.step: 1.3208746910095215
Forward: 7.66274619102478
Backward: 19.399601697921753
Opt.step: 1.2259221076965332
Forward: 7.427339553833008
Backward: 19.651861906051636
Opt.step: 1.3748955726623535
Forward: 7.4021217823028564
Backward: 19.9161434173584
Opt.step: 1.361198902130127
Forward: 7.7776782512664795
Backward: 19.762852668762207
Opt.step: 1.3862812519073486
Forward: 7.507580518722534
Backward: 19.93910551071167
Opt.step: 1.3681414127349854
Forward: 7.607928991317749
Backward: 19.731921672821045
Opt.step: 1.4777803421020508
Forward: 7.6698713302612305
Backward: 19.94991159439087
Opt.step: 1.3168656826019287
Forward: 7.520982503890991
Backward: 20.1928973197937
Opt.step: 1.3595075607299805
Forward: 7.113523244857788
Backward: 19.738394737243652
Opt.step: 1.4343559741973877
Forward: 7.340131759643555
Backward: 19.83328366279602
Opt.step: 1.3971116542816162
Forward: 7.537916660308838
Backward: 19.82027554512024
Opt.step: 1.3453917503356934
Forward: 7.5222485065460205
Backward: 19.591766357421875
Opt.step: 1.2999372482299805
Forward: 7.526993036270142
Backward: 19.886507987976074
Opt.step: 1.3381309509277344
Forward: 2.421006917953491
Backward: 6.346097946166992
Opt.step: 1.2802271842956543
Epoch 5: Validation Loss = 3.440325975418091
Epoch 5: {'bleu': 13.414275914700426}
Saved checkpoint to ./workdir_vocab10000_lr0.001_embd256/checkpoint_epoch5.npz
Forward: 7.181469678878784
Backward: 19.674938201904297
Opt.step: 1.3982818126678467
Forward: 7.480741262435913
Backward: 19.196250677108765
Opt.step: 1.3920080661773682
Forward: 7.280303955078125
Backward: 18.932857036590576
Opt.step: 1.3937549591064453
Forward: 7.349390029907227
Backward: 19.292323112487793
Opt.step: 1.3460028171539307
Forward: 7.203951358795166
Backward: 19.038188219070435
Opt.step: 1.3456385135650635
Forward: 7.122617244720459
Backward: 17.93269658088684
Opt.step: 1.3398680686950684
Forward: 7.104401350021362
Backward: 17.590723514556885
Opt.step: 1.3454985618591309
Forward: 7.370494604110718
Backward: 18.559500694274902
Opt.step: 1.4049599170684814
Forward: 7.306100368499756
Backward: 18.10810089111328
Opt.step: 1.3169877529144287
Forward: 7.248512506484985
Backward: 17.978688955307007
Opt.step: 1.3805420398712158
Forward: 7.142534971237183
Backward: 17.992868900299072
Opt.step: 1.3459267616271973
Forward: 7.193013429641724
Backward: 18.268760919570923
Opt.step: 1.3667261600494385
Forward: 7.466806173324585
Backward: 17.915144205093384
Opt.step: 1.3656492233276367
Forward: 7.109030723571777
Backward: 18.53458881378174
Opt.step: 1.2977473735809326
Forward: 7.128628492355347
Backward: 18.819246768951416
Opt.step: 1.4473521709442139
Forward: 7.104785442352295
Backward: 17.919790983200073
Opt.step: 1.3885836601257324
Forward: 7.067030191421509
Backward: 19.225027799606323
Opt.step: 1.3229281902313232
Forward: 7.476855516433716
Backward: 17.665152311325073
Opt.step: 1.3344759941101074
Forward: 6.999079465866089
Backward: 17.965188026428223
Opt.step: 1.4016032218933105
Forward: 7.194344997406006
Backward: 18.0655620098114
Opt.step: 1.3631813526153564
Forward: 7.235404014587402
Backward: 18.46185612678528
Opt.step: 1.408038854598999
Forward: 7.278051137924194
Backward: 18.345985174179077
Opt.step: 1.371870517730713
Forward: 7.27219820022583
Backward: 18.660657167434692
Opt.step: 1.3068475723266602
Forward: 7.434221029281616
Backward: 18.54768204689026
Opt.step: 1.364400863647461
Forward: 7.3344409465789795
Backward: 19.220897912979126
Opt.step: 1.3559494018554688
Forward: 7.399866580963135
Backward: 18.675710678100586
Opt.step: 1.3810741901397705
Forward: 7.280507326126099
Backward: 19.25795841217041
Opt.step: 1.3959238529205322
Forward: 7.678285121917725
Backward: 18.305800199508667
Opt.step: 1.2969026565551758
Forward: 7.223701000213623
Backward: 18.815568447113037
Opt.step: 1.23624587059021
Forward: 7.713761568069458
Backward: 17.53147578239441
Opt.step: 1.283592939376831
Forward: 7.0236804485321045
Backward: 18.645082473754883
Opt.step: 1.3263428211212158
Forward: 7.190055847167969
Backward: 18.28462791442871
Opt.step: 1.2558021545410156
Forward: 7.141326904296875
Backward: 19.40755295753479
Opt.step: 1.3179490566253662
Forward: 7.360918283462524
Backward: 18.068360090255737
Opt.step: 1.3311758041381836
Forward: 7.170971393585205
Backward: 19.21599531173706
Opt.step: 1.3431906700134277
Forward: 7.318667888641357
Backward: 18.22066044807434
Opt.step: 1.2870314121246338
Forward: 7.24852180480957
Backward: 19.29919958114624
Opt.step: 1.3923070430755615
Forward: 7.29468560218811
Backward: 18.54545569419861
Opt.step: 1.2949678897857666
Forward: 7.324851989746094
Backward: 18.62745237350464
Opt.step: 1.3349511623382568
Forward: 7.4308390617370605
Backward: 19.517925024032593
Opt.step: 1.2543623447418213
Forward: 7.4496002197265625
Backward: 19.272013902664185
Opt.step: 1.2936193943023682
Forward: 7.409043073654175
Backward: 19.426990747451782
Opt.step: 1.386598825454712
Forward: 7.505331039428711
Backward: 19.289323329925537
Opt.step: 1.2913620471954346
Forward: 7.446581125259399
Backward: 19.638798713684082
Opt.step: 1.3043811321258545
Forward: 7.3904619216918945
Backward: 19.24136447906494
Opt.step: 1.3308110237121582
Forward: 7.536343812942505
Backward: 19.13665795326233
Opt.step: 1.3528800010681152
Forward: 7.342278957366943
Backward: 20.031372785568237
Opt.step: 1.3475501537322998
Forward: 7.524993419647217
Backward: 19.476842403411865
Opt.step: 1.3003647327423096
Forward: 7.365154981613159
Backward: 19.276379823684692
Opt.step: 1.2784080505371094
Forward: 7.479644060134888
Backward: 19.607069730758667
Opt.step: 1.3137919902801514
Forward: 7.591933250427246
Backward: 19.421761751174927
Opt.step: 1.2998344898223877
Forward: 7.418355703353882
Backward: 20.028748035430908
Opt.step: 1.3090345859527588
Forward: 7.4637291431427
Backward: 19.517085075378418
Opt.step: 1.3789448738098145
Forward: 7.374323129653931
Backward: 19.518837690353394
Opt.step: 1.263728380203247
Forward: 7.408056020736694
Backward: 19.85947823524475
Opt.step: 1.355595588684082
Forward: 7.659594774246216
Backward: 19.52864646911621
Opt.step: 1.3206963539123535
Forward: 7.6265928745269775
Backward: 19.653910636901855
Opt.step: 1.4062063694000244
Forward: 7.414097309112549
Backward: 19.541587352752686
Opt.step: 1.366823673248291
Forward: 7.514660835266113
Backward: 19.81737184524536
Opt.step: 1.3143296241760254
Forward: 7.502821922302246
Backward: 19.55785584449768
Opt.step: 1.3700287342071533
Forward: 7.381988763809204
Backward: 19.702354669570923
Opt.step: 1.3877668380737305
Forward: 7.647168159484863
Backward: 19.688698291778564
Opt.step: 1.252030611038208
Forward: 7.438866376876831
Backward: 19.685139179229736
Opt.step: 1.3204560279846191
Forward: 7.523482084274292
Backward: 19.543251514434814
Opt.step: 1.3813791275024414
Forward: 7.4719555377960205
Backward: 19.510658025741577
Opt.step: 1.3530395030975342
Forward: 7.500903844833374
Backward: 19.579939365386963
Opt.step: 1.4062590599060059
Forward: 7.535205125808716
Backward: 19.4893536567688
Opt.step: 1.3169159889221191
Forward: 7.524895429611206
Backward: 19.523491144180298
Opt.step: 1.3003387451171875
Forward: 7.536033630371094
Backward: 19.74549174308777
Opt.step: 1.3350069522857666
Forward: 7.518754959106445
Backward: 19.552077054977417
Opt.step: 1.3044483661651611
Forward: 7.552047252655029
Backward: 19.528133153915405
Opt.step: 1.3436079025268555
Forward: 7.426637887954712
Backward: 19.576911211013794
Opt.step: 1.4187040328979492
Forward: 7.514859914779663
Backward: 19.469903469085693
Opt.step: 1.4165143966674805
Forward: 7.422696828842163
Backward: 19.548784732818604
Opt.step: 1.3033859729766846
Forward: 7.499497175216675
Backward: 19.471240520477295
Opt.step: 1.2829420566558838
Forward: 7.599064350128174
Backward: 19.685598611831665
Opt.step: 1.3195884227752686
Forward: 7.557687759399414
Backward: 19.38889789581299
Opt.step: 1.3284893035888672
Forward: 7.564958333969116
Backward: 19.55330204963684
Opt.step: 1.3366179466247559
Forward: 7.618883371353149
Backward: 19.611492156982422
Opt.step: 1.3710980415344238
Forward: 7.470630407333374
Backward: 20.123810052871704
Opt.step: 1.4538671970367432
Forward: 7.532170534133911
Backward: 19.77946138381958
Opt.step: 1.3720204830169678
Forward: 7.5837180614471436
Backward: 20.263442277908325
Opt.step: 1.3843913078308105
Forward: 7.418495178222656
Backward: 19.685466527938843
Opt.step: 1.318772792816162
Forward: 7.560896635055542
Backward: 19.68531584739685
Opt.step: 1.3692200183868408
Forward: 7.522696018218994
Backward: 19.753443956375122
Opt.step: 1.4819111824035645
Forward: 7.535416841506958
Backward: 19.413576364517212
Opt.step: 1.390212059020996
Forward: 7.3262481689453125
Backward: 19.571418046951294
Opt.step: 1.2628576755523682
Forward: 7.542107343673706
Backward: 19.45956802368164
Opt.step: 1.327629804611206
Forward: 7.545102834701538
Backward: 19.710873126983643
Opt.step: 1.388277530670166
Forward: 7.3868958950042725
Backward: 19.636260747909546
Opt.step: 1.3863754272460938
Forward: 7.526856184005737
Backward: 19.61966896057129
Opt.step: 1.3867924213409424
Forward: 7.468340873718262
Backward: 19.740174531936646
Opt.step: 1.438406229019165
Forward: 7.481313467025757
Backward: 19.225562810897827
Opt.step: 1.3854308128356934
Forward: 7.408641576766968
Backward: 18.000699758529663
Opt.step: 1.2099969387054443
Forward: 7.738356351852417
Backward: 19.280845165252686
Opt.step: 1.3483800888061523
Forward: 7.401612281799316
Backward: 19.33186435699463
Opt.step: 1.2849338054656982
Forward: 7.414536714553833
Backward: 19.490094900131226
Opt.step: 1.295717716217041
Forward: 7.39333438873291
Backward: 19.66010093688965
Opt.step: 1.3163957595825195
Forward: 7.513952016830444
Backward: 19.479856252670288
Opt.step: 1.366185188293457
Forward: 7.559410810470581
Backward: 19.52945828437805
Opt.step: 1.3159606456756592
Forward: 7.429641008377075
Backward: 19.693988800048828
Opt.step: 1.2819130420684814
Forward: 7.594058275222778
Backward: 19.592923164367676
Opt.step: 1.3480796813964844
Forward: 7.475797891616821
Backward: 19.854307651519775
Opt.step: 1.4148640632629395
Forward: 7.733227729797363
Backward: 19.819671154022217
Opt.step: 1.4506747722625732
Forward: 7.721843719482422
Backward: 19.510212898254395
Opt.step: 1.3028488159179688
Forward: 7.267806053161621
Backward: 19.754629135131836
Opt.step: 1.275052547454834
Forward: 7.350228786468506
Backward: 19.381866455078125
Opt.step: 1.4018456935882568
Forward: 7.499066114425659
Backward: 19.46125626564026
Opt.step: 1.3891019821166992
Forward: 7.432518720626831
Backward: 19.654853343963623
Opt.step: 1.3379077911376953
Forward: 7.377275466918945
Backward: 19.546518564224243
Opt.step: 1.2860090732574463
Forward: 7.61039137840271
Backward: 19.731423139572144
Opt.step: 1.3677783012390137
Forward: 7.159490585327148
Backward: 19.31749701499939
Opt.step: 1.329059362411499
Forward: 7.516953945159912
Backward: 19.63927698135376
Opt.step: 1.3638207912445068
Forward: 7.465119361877441
Backward: 20.067930459976196
Opt.step: 1.3178167343139648
Forward: 7.604954719543457
Backward: 19.61202907562256
Opt.step: 1.3736543655395508
Forward: 7.585698366165161
Backward: 19.543057441711426
Opt.step: 1.367321252822876
Forward: 7.3532867431640625
Backward: 19.718589544296265
Opt.step: 1.4077401161193848
Forward: 7.536696195602417
Backward: 19.516851902008057
Opt.step: 1.420480728149414
Forward: 7.543816328048706
Backward: 19.39868140220642
Opt.step: 1.3240365982055664
Forward: 7.356573581695557
Backward: 19.287135362625122
Opt.step: 1.3642733097076416
Forward: 7.489648342132568
Backward: 19.55513620376587
Opt.step: 1.3156862258911133
Forward: 7.593428373336792
Backward: 19.74616527557373
Opt.step: 1.3527882099151611
Forward: 7.369952201843262
Backward: 19.743383407592773
Opt.step: 1.4030039310455322
Forward: 7.5692760944366455
Backward: 19.81062889099121
Opt.step: 1.3208777904510498
Forward: 7.478502988815308
Backward: 19.613353967666626
Opt.step: 1.2894995212554932
Forward: 7.511463403701782
Backward: 19.768416166305542
Opt.step: 1.4207756519317627
Forward: 7.720564126968384
Backward: 19.77033233642578
Opt.step: 1.4228181838989258
Forward: 7.448570489883423
Backward: 19.9787757396698
Opt.step: 1.3358848094940186
Forward: 7.520159482955933
Backward: 19.451075077056885
Opt.step: 1.4029290676116943
Forward: 7.528791427612305
Backward: 19.796316862106323
Opt.step: 1.335827112197876
Forward: 7.54017448425293
Backward: 20.008152723312378
Opt.step: 1.387939214706421
Forward: 7.747013330459595
Backward: 19.79515242576599
Opt.step: 1.41343092918396
Forward: 7.671916484832764
Backward: 19.688603162765503
Opt.step: 1.4183859825134277
Forward: 7.589813709259033
Backward: 19.861159086227417
Opt.step: 1.483802080154419
Forward: 7.5314130783081055
Backward: 20.083797931671143
Opt.step: 1.4107961654663086
Forward: 7.5388100147247314
Backward: 20.046136140823364
Opt.step: 1.3994300365447998
Forward: 7.558415651321411
Backward: 19.886221647262573
Opt.step: 1.492525577545166
Forward: 7.808231592178345
Backward: 20.104522466659546
Opt.step: 1.3394567966461182
Forward: 7.729203939437866
Backward: 20.11346435546875
Opt.step: 1.3452107906341553
Forward: 7.675509452819824
Backward: 19.86154842376709
Opt.step: 1.435438632965088
Forward: 7.741773366928101
Backward: 19.810458421707153
Opt.step: 1.3221971988677979
Forward: 7.503152847290039
Backward: 20.012203216552734
Opt.step: 1.3485288619995117
Forward: 7.67271614074707
Backward: 19.961169481277466
Opt.step: 1.4753706455230713
Forward: 7.675734758377075
Backward: 19.830514430999756
Opt.step: 1.439697027206421
Forward: 7.5404698848724365
Backward: 20.320982456207275
Opt.step: 1.3561813831329346
Forward: 7.406218528747559
Backward: 19.542348861694336
Opt.step: 1.3566358089447021
Forward: 7.879954099655151
Backward: 20.132892608642578
Opt.step: 1.3696956634521484
Forward: 7.738008737564087
Backward: 20.353289127349854
Opt.step: 1.4732952117919922
Forward: 7.821947336196899
Backward: 19.963675498962402
Opt.step: 1.369349718093872
Forward: 7.590605974197388
Backward: 20.035862922668457
Opt.step: 1.3523297309875488
Forward: 7.657198667526245
Backward: 20.068843364715576
Opt.step: 1.4391212463378906
Forward: 7.487360715866089
Backward: 19.97714853286743
Opt.step: 1.3656039237976074
Forward: 7.561029434204102
Backward: 19.906245946884155
Opt.step: 1.364194631576538
Forward: 7.544874668121338
Backward: 20.08053183555603
Opt.step: 1.4744012355804443
Forward: 7.872690200805664
Backward: 19.845009326934814
Opt.step: 1.3175873756408691
Forward: 7.519388914108276
Backward: 20.468897342681885
Opt.step: 1.3866326808929443
Forward: 2.4938549995422363
Backward: 6.249829530715942
Opt.step: 1.3872017860412598
Epoch 6: Validation Loss = 3.3171308040618896
Epoch 6: {'bleu': 14.840343022429304}
Saved checkpoint to ./workdir_vocab10000_lr0.001_embd256/checkpoint_epoch6.npz
Forward: 7.153892517089844
Backward: 17.829095602035522
Opt.step: 1.2902562618255615
Forward: 7.379216909408569
Backward: 18.77128028869629
Opt.step: 1.3859984874725342
Forward: 7.007567405700684
Backward: 18.554006338119507
Opt.step: 1.3388571739196777
Forward: 7.246291399002075
Backward: 18.62734866142273
Opt.step: 1.32918119430542
Forward: 6.869067430496216
Backward: 18.75010895729065
Opt.step: 1.396651268005371
Forward: 7.259063482284546
Backward: 18.965970277786255
Opt.step: 1.3736343383789062
Forward: 7.00325083732605
Backward: 17.41976833343506
Opt.step: 1.328237771987915
Forward: 7.200780153274536
Backward: 18.879387617111206
Opt.step: 1.3690483570098877
Forward: 7.286980152130127
Backward: 17.447107315063477
Opt.step: 1.3194470405578613
Forward: 7.168385028839111
Backward: 18.857550382614136
Opt.step: 1.3691596984863281
Forward: 7.105376958847046
Backward: 17.59375286102295
Opt.step: 1.2961368560791016
Forward: 7.254926443099976
Backward: 18.9219388961792
Opt.step: 1.3183684349060059
Forward: 7.048758268356323
Backward: 17.599951028823853
Opt.step: 1.3292725086212158
Forward: 7.312101364135742
Backward: 17.671353340148926
Opt.step: 1.2115178108215332
Forward: 7.397698402404785
Backward: 17.319732904434204
Opt.step: 1.4308147430419922
Forward: 7.225874423980713
Backward: 18.70825219154358
Opt.step: 1.3449902534484863
Forward: 7.181452989578247
Backward: 17.873884201049805
Opt.step: 1.3374319076538086
Forward: 7.297638177871704
Backward: 18.164168119430542
Opt.step: 1.3045289516448975
Forward: 7.281033754348755
Backward: 17.674935817718506
Opt.step: 1.2956862449645996
Forward: 7.09874415397644
Backward: 18.153125524520874
Opt.step: 1.3792071342468262
Forward: 7.311162710189819
Backward: 17.793841123580933
Opt.step: 1.365032434463501
Forward: 7.154446601867676
Backward: 19.191839933395386
Opt.step: 1.307316780090332
Forward: 7.216105222702026
Backward: 17.766951322555542
Opt.step: 1.301424503326416
Forward: 7.274047613143921
Backward: 19.230758905410767
Opt.step: 1.373056411743164
Forward: 7.217109203338623
Backward: 17.69349241256714
Opt.step: 1.3633863925933838
Forward: 7.385251045227051
Backward: 18.61193823814392
Opt.step: 1.388516902923584
Forward: 7.181454420089722
Backward: 17.82657790184021
Opt.step: 1.2853107452392578
Forward: 7.345829010009766
Backward: 19.082919120788574
Opt.step: 1.3574397563934326
Forward: 7.4089014530181885
Backward: 18.928707122802734
Opt.step: 1.3395981788635254
Forward: 7.193034410476685
Backward: 19.187036991119385
Opt.step: 1.394923448562622
Forward: 7.5275561809539795
Backward: 17.97901225090027
Opt.step: 1.3202273845672607
Forward: 7.145449876785278
Backward: 18.998587131500244
Opt.step: 1.4388270378112793
Forward: 7.291714429855347
Backward: 18.20599865913391
Opt.step: 1.2636475563049316
Forward: 7.4480063915252686
Backward: 19.37347984313965
Opt.step: 1.334057331085205
Forward: 7.366169214248657
Backward: 18.108582496643066
Opt.step: 1.3665425777435303
Forward: 7.5939507484436035
Backward: 19.09487795829773
Opt.step: 1.3098289966583252
Forward: 7.294300079345703
Backward: 17.91615653038025
Opt.step: 1.3271167278289795
Forward: 7.250104904174805
Backward: 19.636579275131226
Opt.step: 1.396979808807373
Forward: 7.799020290374756
Backward: 18.449219942092896
Opt.step: 1.3293423652648926
Forward: 7.340990781784058
Backward: 19.966034173965454
Opt.step: 1.3497161865234375
Forward: 7.51659083366394
Backward: 18.359997749328613
Opt.step: 1.4054028987884521
Forward: 7.370396137237549
Backward: 20.01969885826111
Opt.step: 1.341301679611206
Forward: 7.603693962097168
Backward: 17.819870948791504
Opt.step: 1.2895562648773193
Forward: 7.308338403701782
Backward: 19.794665336608887
Opt.step: 1.367276668548584
Forward: 7.631281852722168
Backward: 19.651775598526
Opt.step: 1.307504415512085
Forward: 7.3315958976745605
Backward: 19.824943780899048
Opt.step: 1.353550910949707
Forward: 7.560396194458008
Backward: 19.168620586395264
Opt.step: 1.3998560905456543
Forward: 7.353093385696411
Backward: 19.743016719818115
Opt.step: 1.2866706848144531
Forward: 7.355513095855713
Backward: 18.9123477935791
Opt.step: 1.3144159317016602
Forward: 7.46226167678833
Backward: 19.734328031539917
Opt.step: 1.3303053379058838
Forward: 7.387835502624512
Backward: 19.13507318496704
Opt.step: 1.3736586570739746
Forward: 7.480065822601318
Backward: 19.385701179504395
Opt.step: 1.373671054840088
Forward: 7.417828559875488
Backward: 19.61883020401001
Opt.step: 1.314361333847046
Forward: 7.555875539779663
Backward: 19.762460947036743
Opt.step: 1.4080030918121338
Forward: 7.439045667648315
Backward: 19.62118148803711
Opt.step: 1.3123929500579834
Forward: 7.466467380523682
Backward: 19.78423523902893
Opt.step: 1.3472232818603516
Forward: 7.528072118759155
Backward: 19.23946452140808
Opt.step: 1.3619616031646729
Forward: 7.5425615310668945
Backward: 19.81550097465515
Opt.step: 1.3136060237884521
Forward: 7.484540224075317
Backward: 19.06245183944702
Opt.step: 1.3695707321166992
Forward: 7.478011846542358
Backward: 19.619137048721313
Opt.step: 1.3639307022094727
Forward: 7.6297478675842285
Backward: 19.519407272338867
Opt.step: 1.3418657779693604
Forward: 7.323785305023193
Backward: 19.73263716697693
Opt.step: 1.2739667892456055
Forward: 7.683413505554199
Backward: 19.126220703125
Opt.step: 1.3553557395935059
Forward: 7.422057151794434
Backward: 19.734920024871826
Opt.step: 1.3171870708465576
Forward: 7.61456036567688
Backward: 19.04295825958252
Opt.step: 1.3493537902832031
Forward: 7.356621503829956
Backward: 19.394054174423218
Opt.step: 1.2688517570495605
Forward: 7.310702800750732
Backward: 18.876347541809082
Opt.step: 1.3147754669189453
Forward: 7.365139484405518
Backward: 19.701606512069702
Opt.step: 1.2996792793273926
Forward: 7.503559589385986
Backward: 19.450186729431152
Opt.step: 1.4247889518737793
Forward: 7.376441478729248
Backward: 19.353864908218384
Opt.step: 1.3512578010559082
Forward: 7.532910585403442
Backward: 19.06369161605835
Opt.step: 1.311610460281372
Forward: 7.2287516593933105
Backward: 19.821115732192993
Opt.step: 1.2777276039123535
Forward: 7.461322784423828
Backward: 18.853193998336792
Opt.step: 1.3100309371948242
Forward: 7.2654571533203125
Backward: 19.705742835998535
Opt.step: 1.3666462898254395
Forward: 7.43479323387146
Backward: 19.139759302139282
Opt.step: 1.3558199405670166
Forward: 7.372311592102051
Backward: 19.575401306152344
Opt.step: 1.2641446590423584
Forward: 7.458740472793579
Backward: 19.17025065422058
Opt.step: 1.334120273590088
Forward: 7.279416799545288
Backward: 19.976338148117065
Opt.step: 1.3887321949005127
Forward: 7.7186431884765625
Backward: 19.216928243637085
Opt.step: 1.3592102527618408
Forward: 7.437572479248047
Backward: 19.818978786468506
Opt.step: 1.3417272567749023
Forward: 7.577125549316406
Backward: 19.141536951065063
Opt.step: 1.1387443542480469
Forward: 7.8557844161987305
Backward: 19.468454122543335
Opt.step: 1.3376562595367432
Forward: 7.489919662475586
Backward: 19.338548183441162
Opt.step: 1.3410513401031494
Forward: 7.415608882904053
Backward: 19.736178636550903
Opt.step: 1.314645767211914
Forward: 7.50229811668396
Backward: 19.112686157226562
Opt.step: 1.3639836311340332
Forward: 7.315471410751343
Backward: 19.597193002700806
Opt.step: 1.2920897006988525
Forward: 7.654788970947266
Backward: 19.1824369430542
Opt.step: 1.3523759841918945
Forward: 7.4239654541015625
Backward: 19.793550729751587
Opt.step: 1.3284411430358887
Forward: 7.53767204284668
Backward: 19.24258518218994
Opt.step: 1.392505168914795
Forward: 7.3816304206848145
Backward: 19.596580266952515
Opt.step: 1.3739688396453857
Forward: 7.489537477493286
Backward: 19.176026344299316
Opt.step: 1.4098641872406006
Forward: 7.3607800006866455
Backward: 19.732649326324463
Opt.step: 1.3290722370147705
Forward: 7.587741851806641
Backward: 19.261900663375854
Opt.step: 1.3580117225646973
Forward: 7.372798919677734
Backward: 19.935908317565918
Opt.step: 1.3478660583496094
Forward: 7.518834114074707
Backward: 19.057729482650757
Opt.step: 1.2897469997406006
Forward: 7.337904691696167
Backward: 19.91874670982361
Opt.step: 1.3289332389831543
Forward: 7.355330467224121
Backward: 19.55844259262085
Opt.step: 1.3324120044708252
Forward: 7.56380033493042
Backward: 19.214041233062744
Opt.step: 1.3176367282867432
Forward: 7.532019376754761
Backward: 19.68861961364746
Opt.step: 1.4040920734405518
Forward: 7.451701402664185
Backward: 19.8058078289032
Opt.step: 1.3624114990234375
Forward: 7.704105377197266
Backward: 19.72314739227295
Opt.step: 1.3676602840423584
Forward: 7.489251136779785
Backward: 19.614362478256226
Opt.step: 1.4400513172149658
Forward: 7.529937267303467
Backward: 19.789223194122314
Opt.step: 1.3453350067138672
Forward: 7.411249160766602
Backward: 19.95257258415222
Opt.step: 1.401865005493164
Forward: 7.584054708480835
Backward: 19.66252899169922
Opt.step: 1.300544261932373
Forward: 7.482891321182251
Backward: 19.433729648590088
Opt.step: 1.337120532989502
Forward: 7.525616407394409
Backward: 19.8211612701416
Opt.step: 1.4053738117218018
Forward: 7.572488069534302
Backward: 19.81942129135132
Opt.step: 1.4501826763153076
Forward: 7.559433221817017
Backward: 19.8112473487854
Opt.step: 1.4501559734344482
Forward: 7.525126218795776
Backward: 19.774096488952637
Opt.step: 1.323720932006836
Forward: 7.525264739990234
Backward: 19.089646816253662
Opt.step: 1.3741977214813232
Forward: 7.672422885894775
Backward: 19.590003967285156
Opt.step: 1.3992793560028076
Forward: 7.425934553146362
Backward: 19.80595302581787
Opt.step: 1.3070712089538574
Forward: 7.71739387512207
Backward: 19.323431253433228
Opt.step: 1.3566875457763672
Forward: 7.405580043792725
Backward: 19.73883032798767
Opt.step: 1.3257174491882324
Forward: 7.529948949813843
Backward: 19.5476176738739
Opt.step: 1.3908426761627197
Forward: 7.436633110046387
Backward: 19.564739227294922
Opt.step: 1.3685646057128906
Forward: 7.474107503890991
Backward: 19.667790412902832
Opt.step: 1.348616361618042
Forward: 7.479778528213501
Backward: 19.502312421798706
Opt.step: 1.3661086559295654
Forward: 7.498452663421631
Backward: 19.572469234466553
Opt.step: 1.3302996158599854
Forward: 7.429456949234009
Backward: 19.77057957649231
Opt.step: 1.3135318756103516
Forward: 7.55192756652832
Backward: 19.601514101028442
Opt.step: 1.303218126296997
Forward: 7.5037055015563965
Backward: 19.51545476913452
Opt.step: 1.2964248657226562
Forward: 7.5394837856292725
Backward: 19.792409658432007
Opt.step: 1.3680145740509033
Forward: 7.660808324813843
Backward: 19.5270254611969
Opt.step: 1.2975587844848633
Forward: 7.428759813308716
Backward: 19.88384461402893
Opt.step: 1.3028020858764648
Forward: 7.432453870773315
Backward: 19.725756883621216
Opt.step: 1.3088581562042236
Forward: 7.4277424812316895
Backward: 19.82428765296936
Opt.step: 1.3371531963348389
Forward: 7.39569091796875
Backward: 19.522178888320923
Opt.step: 1.312337875366211
Forward: 7.406434535980225
Backward: 19.20476984977722
Opt.step: 1.3191847801208496
Forward: 7.356154441833496
Backward: 19.681797742843628
Opt.step: 1.3628299236297607
Forward: 7.50288200378418
Backward: 19.73417091369629
Opt.step: 1.4065983295440674
Forward: 7.364001989364624
Backward: 19.62105631828308
Opt.step: 1.3002350330352783
Forward: 7.638384103775024
Backward: 19.81217074394226
Opt.step: 1.333831787109375
Forward: 7.4424357414245605
Backward: 20.009405612945557
Opt.step: 1.3761277198791504
Forward: 7.6524128913879395
Backward: 19.94503617286682
Opt.step: 1.358896255493164
Forward: 7.488100051879883
Backward: 19.858798265457153
Opt.step: 1.4112250804901123
Forward: 7.43899130821228
Backward: 19.848344564437866
Opt.step: 1.3837759494781494
Forward: 7.563622951507568
Backward: 19.613567113876343
Opt.step: 1.3784043788909912
Forward: 7.559187412261963
Backward: 19.644675493240356
Opt.step: 1.3355066776275635
Forward: 7.394888162612915
Backward: 19.784659385681152
Opt.step: 1.3622868061065674
Forward: 7.257323265075684
Backward: 19.228163719177246
Opt.step: 1.281827449798584
Forward: 7.379866123199463
Backward: 19.239298343658447
Opt.step: 1.4236054420471191
Forward: 7.36018967628479
Backward: 19.51903009414673
Opt.step: 1.325122356414795
Forward: 7.647991418838501
Backward: 19.654737949371338
Opt.step: 1.3447034358978271
Forward: 7.362812757492065
Backward: 19.459976196289062
Opt.step: 1.1315338611602783
Forward: 7.823500633239746
Backward: 19.52893829345703
Opt.step: 1.3374783992767334
Forward: 7.435471773147583
Backward: 19.216831922531128
Opt.step: 1.2903926372528076
Forward: 7.3449883460998535
Backward: 19.46918559074402
Opt.step: 1.3585686683654785
Forward: 7.383002519607544
Backward: 19.30852508544922
Opt.step: 1.3391509056091309
Forward: 7.499096632003784
Backward: 19.782031536102295
Opt.step: 1.3662705421447754
Forward: 7.493573904037476
Backward: 19.723386526107788
Opt.step: 1.3985710144042969
Forward: 7.459731817245483
Backward: 19.45250391960144
Opt.step: 1.4153258800506592
Forward: 7.478520154953003
Backward: 19.761332988739014
Opt.step: 1.4385123252868652
Forward: 7.461734771728516
Backward: 19.652338981628418
Opt.step: 1.2971315383911133
Forward: 7.3002283573150635
Backward: 19.41214919090271
Opt.step: 1.3095252513885498
Forward: 2.415689706802368
Backward: 6.238137722015381
Opt.step: 1.2976551055908203
Epoch 7: Validation Loss = 3.205402135848999
Epoch 7: {'bleu': 14.130185309773827}
Saved checkpoint to ./workdir_vocab10000_lr0.001_embd256/checkpoint_epoch7.npz
Forward: 6.945488691329956
Backward: 17.579485177993774
Opt.step: 1.3331298828125
Forward: 7.498302936553955
Backward: 19.048144817352295
Opt.step: 1.3244543075561523
Forward: 6.989833116531372
Backward: 18.842507362365723
Opt.step: 1.2840113639831543
Forward: 7.076483488082886
Backward: 18.902703523635864
Opt.step: 1.3158235549926758
Forward: 7.048226833343506
Backward: 18.167880535125732
Opt.step: 1.323974609375
Forward: 7.1374430656433105
Backward: 19.33878803253174
Opt.step: 1.2628512382507324
Forward: 7.065674304962158
Backward: 19.05871605873108
Opt.step: 1.3383371829986572
Forward: 7.144730567932129
Backward: 18.86023783683777
Opt.step: 1.355846643447876
Forward: 7.017011642456055
Backward: 17.61632800102234
Opt.step: 1.340524435043335
Forward: 7.344180107116699
Backward: 17.778847455978394
Opt.step: 1.3460745811462402
Forward: 7.0537145137786865
Backward: 17.524056434631348
Opt.step: 1.310736894607544
Forward: 7.0987772941589355
Backward: 17.771546363830566
Opt.step: 1.371938943862915
Forward: 7.279670000076294
Backward: 17.477837085723877
Opt.step: 1.5434927940368652
Forward: 7.229973077774048
Backward: 18.346970558166504
Opt.step: 1.3749170303344727
Forward: 7.09744119644165
Backward: 17.60748815536499
Opt.step: 1.354729413986206
Forward: 7.195675611495972
Backward: 18.667990922927856
Opt.step: 1.3187804222106934
Forward: 7.203537940979004
Backward: 18.228899717330933
Opt.step: 1.3277034759521484
Forward: 7.416156530380249
Backward: 18.17018413543701
Opt.step: 1.299523115158081
Forward: 6.972213268280029
Backward: 17.599198818206787
Opt.step: 1.2601430416107178
Forward: 7.219395637512207
Backward: 18.13483428955078
Opt.step: 1.2433152198791504
Forward: 7.056530714035034
Backward: 17.82265591621399
Opt.step: 1.2976930141448975
Forward: 7.196709871292114
Backward: 17.885135173797607
Opt.step: 1.2644832134246826
Forward: 7.064504146575928
Backward: 18.912923336029053
Opt.step: 1.3285682201385498
Forward: 7.285529851913452
Backward: 18.628593921661377
Opt.step: 1.393038272857666
Forward: 7.2013161182403564
Backward: 18.842544078826904
Opt.step: 1.3716027736663818
Forward: 7.174564361572266
Backward: 18.06670308113098
Opt.step: 1.4105923175811768
Forward: 7.10298228263855
Backward: 18.680941820144653
Opt.step: 1.2754762172698975
Forward: 7.21245813369751
Backward: 18.222599506378174
Opt.step: 1.3139526844024658
Forward: 7.210595369338989
Backward: 19.842896699905396
Opt.step: 1.3799245357513428
Forward: 7.477694272994995
Backward: 18.794143676757812
Opt.step: 1.3424594402313232
Forward: 7.317523956298828
Backward: 19.581660270690918
Opt.step: 1.370443344116211
Forward: 7.417007923126221
Backward: 19.14005947113037
Opt.step: 1.3822195529937744
Forward: 7.358535528182983
Backward: 19.78320837020874
Opt.step: 1.3635172843933105
Forward: 7.6044909954071045
Backward: 19.401939392089844
Opt.step: 1.361701488494873
Forward: 7.499104976654053
Backward: 18.646347999572754
Opt.step: 1.3715474605560303
Forward: 7.455463647842407
Backward: 20.02119493484497
Opt.step: 1.3456501960754395
Forward: 7.481665372848511
Backward: 18.93077254295349
Opt.step: 1.3137133121490479
Forward: 7.384329557418823
Backward: 19.75593137741089
Opt.step: 1.346344232559204
Forward: 7.41090989112854
Backward: 19.979841470718384
Opt.step: 1.3032820224761963
Forward: 7.449182033538818
Backward: 19.977383613586426
Opt.step: 1.427708387374878
Forward: 7.548228025436401
Backward: 18.958106756210327
Opt.step: 1.2919559478759766
Forward: 7.418448448181152
Backward: 19.85622215270996
Opt.step: 1.3702304363250732
Forward: 7.482728958129883
Backward: 19.663654327392578
Opt.step: 1.3331565856933594
Forward: 7.393618583679199
Backward: 19.545583963394165
Opt.step: 1.3499259948730469
Forward: 7.54632568359375
Backward: 19.515084266662598
Opt.step: 1.3234152793884277
Forward: 7.448017358779907
Backward: 19.93542718887329
Opt.step: 1.3370904922485352
Forward: 7.6410157680511475
Backward: 19.088809728622437
Opt.step: 1.3671951293945312
Forward: 7.581899881362915
Backward: 19.892393827438354
Opt.step: 1.3155689239501953
Forward: 7.641869306564331
Backward: 19.45993399620056
Opt.step: 1.2983126640319824
Forward: 7.369537591934204
Backward: 19.690415382385254
Opt.step: 1.3846611976623535
Forward: 7.57283091545105
Backward: 18.851970195770264
Opt.step: 1.1640942096710205
Forward: 7.515294790267944
Backward: 19.670159339904785
Opt.step: 1.3879120349884033
Forward: 7.440270185470581
Backward: 19.73467230796814
Opt.step: 1.3102283477783203
Forward: 7.537341594696045
Backward: 19.982625007629395
Opt.step: 1.3602776527404785
Forward: 7.418468475341797
Backward: 19.363689422607422
Opt.step: 1.2674386501312256
Forward: 7.4546661376953125
Backward: 19.78336501121521
Opt.step: 1.4383790493011475
Forward: 7.53603720664978
Backward: 19.89996886253357
Opt.step: 1.312964677810669
Forward: 7.5471251010894775
Backward: 20.04453206062317
Opt.step: 1.3624300956726074
Forward: 7.637395143508911
Backward: 20.01299238204956
Opt.step: 1.3544795513153076
Forward: 7.752148389816284
Backward: 19.672587871551514
Opt.step: 1.4307851791381836
Forward: 7.513241767883301
Backward: 19.876978158950806
Opt.step: 1.425602674484253
Forward: 7.583312511444092
Backward: 20.158398389816284
Opt.step: 1.4215188026428223
Forward: 7.616147756576538
Backward: 19.90659737586975
Opt.step: 1.3264319896697998
Forward: 7.643305540084839
Backward: 19.969184637069702
Opt.step: 1.4204833507537842
Forward: 7.436960935592651
Backward: 19.863794803619385
Opt.step: 1.354567527770996
Forward: 7.475509166717529
Backward: 19.94275426864624
Opt.step: 1.3287372589111328
Forward: 7.5142717361450195
Backward: 19.305840492248535
Opt.step: 1.3910551071166992
Forward: 7.496861457824707
Backward: 19.46297550201416
Opt.step: 1.2977004051208496
Forward: 7.773879051208496
Backward: 20.050673246383667
Opt.step: 1.3314173221588135
Forward: 7.556081056594849
Backward: 20.1307852268219
Opt.step: 1.3836901187896729
Forward: 7.727645397186279
Backward: 19.854114055633545
Opt.step: 1.361586570739746
Forward: 7.474539279937744
Backward: 20.311046838760376
Opt.step: 1.3060152530670166
Forward: 7.70459246635437
Backward: 19.899168491363525
Opt.step: 1.3173408508300781
Forward: 7.7400994300842285
Backward: 20.037753343582153
Opt.step: 1.342454195022583
Forward: 7.632392883300781
Backward: 19.931379318237305
Opt.step: 1.3589215278625488
Forward: 7.584411382675171
Backward: 19.504262924194336
Opt.step: 1.3674113750457764
Forward: 7.692648410797119
Backward: 20.033436059951782
Opt.step: 1.3375506401062012
Forward: 7.564896583557129
Backward: 19.965383529663086
Opt.step: 1.3674962520599365
Forward: 7.4471986293792725
Backward: 19.67655372619629
Opt.step: 1.2656631469726562
Forward: 7.777183294296265
Backward: 19.839277505874634
Opt.step: 1.3228936195373535
Forward: 7.71530818939209
Backward: 20.436510801315308
Opt.step: 1.4099671840667725
Forward: 7.662490367889404
Backward: 19.753164052963257
Opt.step: 1.405130386352539
Forward: 7.730059862136841
Backward: 19.76215672492981
Opt.step: 1.3176689147949219
Forward: 7.591397523880005
Backward: 19.39168667793274
Opt.step: 1.3083045482635498
Forward: 7.436869382858276
Backward: 19.530400037765503
Opt.step: 1.3754286766052246
Forward: 7.510038375854492
Backward: 19.608657598495483
Opt.step: 1.3982677459716797
Forward: 7.41892409324646
Backward: 19.733722925186157
Opt.step: 1.3259913921356201
Forward: 7.565696477890015
Backward: 19.60114812850952
Opt.step: 1.2691307067871094
Forward: 7.468178033828735
Backward: 19.760441541671753
Opt.step: 1.3322999477386475
Forward: 7.392615556716919
Backward: 18.73589015007019
Opt.step: 1.3422086238861084
Forward: 7.637956619262695
Backward: 19.62621831893921
Opt.step: 1.3233757019042969
Forward: 7.563208818435669
Backward: 20.05392599105835
Opt.step: 1.4669222831726074
Forward: 7.49850606918335
Backward: 19.62976884841919
Opt.step: 1.3089885711669922
Forward: 7.587169885635376
Backward: 19.906810522079468
Opt.step: 1.3240249156951904
Forward: 7.568621873855591
Backward: 19.30628490447998
Opt.step: 1.3701069355010986
Forward: 7.428316116333008
Backward: 19.44168972969055
Opt.step: 1.3798487186431885
Forward: 7.397377014160156
Backward: 19.969003200531006
Opt.step: 1.3292427062988281
Forward: 7.5265703201293945
Backward: 20.01693367958069
Opt.step: 1.377737045288086
Forward: 7.73762583732605
Backward: 19.855810403823853
Opt.step: 1.2552785873413086
Forward: 7.390404224395752
Backward: 20.055981397628784
Opt.step: 1.377849817276001
Forward: 7.58507227897644
Backward: 19.82029914855957
Opt.step: 1.4502692222595215
Forward: 7.639336585998535
Backward: 19.964338302612305
Opt.step: 1.3580257892608643
Forward: 7.46570611000061
Backward: 20.338096618652344
Opt.step: 1.3273837566375732
Forward: 7.574666500091553
Backward: 19.786981105804443
Opt.step: 1.3526976108551025
Forward: 7.664946556091309
Backward: 19.99880838394165
Opt.step: 1.4064126014709473
Forward: 7.558364152908325
Backward: 20.02128267288208
Opt.step: 1.4615888595581055
Forward: 7.583469867706299
Backward: 19.92326545715332
Opt.step: 1.3256571292877197
Forward: 7.544182777404785
Backward: 20.14268684387207
Opt.step: 1.412438154220581
Forward: 7.709024906158447
Backward: 19.91288733482361
Opt.step: 1.4317748546600342
Forward: 7.608243703842163
Backward: 19.8553147315979
Opt.step: 1.3421316146850586
Forward: 7.766602277755737
Backward: 19.95231318473816
Opt.step: 1.3447866439819336
Forward: 7.408548593521118
Backward: 19.451863765716553
Opt.step: 1.343433141708374
Forward: 7.777261257171631
Backward: 20.11402678489685
Opt.step: 1.451202154159546
Forward: 7.5527262687683105
Backward: 20.13136649131775
Opt.step: 1.3251428604125977
Forward: 7.752082109451294
Backward: 19.617413997650146
Opt.step: 1.2243788242340088
Forward: 7.544203996658325
Backward: 19.959871768951416
Opt.step: 1.3799262046813965
Forward: 7.562065124511719
Backward: 20.12573552131653
Opt.step: 1.356856346130371
Forward: 7.618210792541504
Backward: 20.05051875114441
Opt.step: 1.2810993194580078
Forward: 6.915667772293091
Backward: 19.936076164245605
Opt.step: 1.2423081398010254
Forward: 7.421781778335571
Backward: 19.620084285736084
Opt.step: 1.3404784202575684
Forward: 7.470082759857178
Backward: 19.40221905708313
Opt.step: 1.3054823875427246
Forward: 7.316123008728027
Backward: 19.480600595474243
Opt.step: 1.2846863269805908
Forward: 7.474957227706909
Backward: 19.050885438919067
Opt.step: 1.3242096900939941
Forward: 7.369575023651123
Backward: 19.23871350288391
Opt.step: 1.2576580047607422
Forward: 7.554350852966309
Backward: 19.7724289894104
Opt.step: 1.2851383686065674
Forward: 7.582215070724487
Backward: 19.479412078857422
Opt.step: 1.4197652339935303
Forward: 7.457090377807617
Backward: 19.823634147644043
Opt.step: 1.3159325122833252
Forward: 7.367543935775757
Backward: 19.716095685958862
Opt.step: 1.3641340732574463
Forward: 7.42902684211731
Backward: 19.605682373046875
Opt.step: 1.355865478515625
Forward: 7.646680593490601
Backward: 19.66495180130005
Opt.step: 1.2910888195037842
Forward: 7.456698179244995
Backward: 19.57090187072754
Opt.step: 1.40476393699646
Forward: 7.603607416152954
Backward: 19.207452535629272
Opt.step: 1.246807336807251
Forward: 7.443105936050415
Backward: 19.805127382278442
Opt.step: 1.4339563846588135
Forward: 7.530194282531738
Backward: 19.687320709228516
Opt.step: 1.379758358001709
Forward: 7.6735968589782715
Backward: 19.975181102752686
Opt.step: 1.348078966140747
Forward: 7.521240234375
Backward: 20.144986629486084
Opt.step: 1.319678783416748
Forward: 7.585697412490845
Backward: 19.770373106002808
Opt.step: 1.2945072650909424
Forward: 7.56679630279541
Backward: 19.957042932510376
Opt.step: 1.4571802616119385
Forward: 7.640310287475586
Backward: 20.017603397369385
Opt.step: 1.3766436576843262
Forward: 7.558722257614136
Backward: 19.678121328353882
Opt.step: 1.6027259826660156
Forward: 7.508001804351807
Backward: 20.095609188079834
Opt.step: 1.428922414779663
Forward: 7.452681064605713
Backward: 19.952799558639526
Opt.step: 1.4788269996643066
Forward: 7.53183126449585
Backward: 19.90582585334778
Opt.step: 1.337158203125
Forward: 7.609357118606567
Backward: 20.155938625335693
Opt.step: 1.3563122749328613
Forward: 7.491676568984985
Backward: 20.008533477783203
Opt.step: 1.427123785018921
Forward: 7.765211820602417
Backward: 19.96913719177246
Opt.step: 1.314847469329834
Forward: 7.558415651321411
Backward: 19.568900108337402
Opt.step: 1.4258089065551758
Forward: 7.484382152557373
Backward: 19.325035095214844
Opt.step: 1.105837106704712
Forward: 7.213124513626099
Backward: 19.023253917694092
Opt.step: 1.309701681137085
Forward: 7.390375137329102
Backward: 19.471394062042236
Opt.step: 1.4162399768829346
Forward: 7.518555402755737
Backward: 19.831008672714233
Opt.step: 1.367927074432373
Forward: 7.48471212387085
Backward: 19.857789754867554
Opt.step: 1.2975664138793945
Forward: 7.743468999862671
Backward: 19.991617679595947
Opt.step: 1.310039758682251
Forward: 7.690711498260498
Backward: 19.686739444732666
Opt.step: 1.3495779037475586
Forward: 7.592848300933838
Backward: 19.95683717727661
Opt.step: 1.3779549598693848
Forward: 7.529881000518799
Backward: 19.52611541748047
Opt.step: 1.3277561664581299
Forward: 2.447413206100464
Backward: 6.451698541641235
Opt.step: 1.3740394115447998
Epoch 8: Validation Loss = 3.098629951477051
Epoch 8: {'bleu': 15.849397947981894}
Saved checkpoint to ./workdir_vocab10000_lr0.001_embd256/checkpoint_epoch8.npz
Forward: 7.212337970733643
Backward: 18.386119604110718
Opt.step: 1.268739938735962
Forward: 7.63671350479126
Backward: 18.8017315864563
Opt.step: 1.362548828125
Forward: 7.070146083831787
Backward: 18.577208280563354
Opt.step: 1.331080675125122
Forward: 7.2459938526153564
Backward: 18.78863763809204
Opt.step: 1.3626415729522705
Forward: 7.129367828369141
Backward: 18.38227415084839
Opt.step: 1.452207088470459
Forward: 7.526564598083496
Backward: 19.334989309310913
Opt.step: 1.3390803337097168
Forward: 7.194462299346924
Backward: 18.942611694335938
Opt.step: 1.28566575050354
Forward: 7.136399984359741
Backward: 18.760740518569946
Opt.step: 1.3344676494598389
Forward: 7.105729103088379
Backward: 18.5377414226532
Opt.step: 1.3406360149383545
Forward: 7.2602574825286865
Backward: 18.770191192626953
Opt.step: 1.3696422576904297
Forward: 7.175568580627441
Backward: 18.32491636276245
Opt.step: 1.3707499504089355
Forward: 7.351650238037109
Backward: 18.951077699661255
Opt.step: 1.3689401149749756
Forward: 7.084141492843628
Backward: 18.426808834075928
Opt.step: 1.2963783740997314
Forward: 7.2141687870025635
Backward: 18.2180073261261
Opt.step: 1.3194670677185059
Forward: 7.1582114696502686
Backward: 18.37629532814026
Opt.step: 1.3286089897155762
Forward: 7.18364405632019
Backward: 18.46097159385681
Opt.step: 1.3480393886566162
Forward: 6.988084316253662
Backward: 18.43995499610901
Opt.step: 1.2729754447937012
Forward: 7.214630126953125
Backward: 18.4794864654541
Opt.step: 1.3406641483306885
Forward: 7.149060010910034
Backward: 18.34155297279358
Opt.step: 1.41957426071167
Forward: 7.288965225219727
Backward: 18.760346174240112
Opt.step: 1.3695611953735352
Forward: 7.042789936065674
Backward: 18.417869806289673
Opt.step: 1.3754925727844238
Forward: 7.362766742706299
Backward: 18.778432607650757
Opt.step: 1.304882526397705
Forward: 7.214107036590576
Backward: 18.97974157333374
Opt.step: 1.2893457412719727
Forward: 7.270269870758057
Backward: 18.325751066207886
Opt.step: 1.294064998626709
Forward: 7.253108978271484
Backward: 18.991243600845337
Opt.step: 1.3372278213500977
Forward: 7.289985418319702
Backward: 18.031591415405273
Opt.step: 1.345780849456787
Forward: 7.407440662384033
Backward: 19.97863793373108
Opt.step: 1.2799179553985596
Forward: 7.424691915512085
Backward: 18.837663888931274
Opt.step: 1.3246779441833496
Forward: 7.679921627044678
Backward: 19.069214820861816
Opt.step: 1.2780930995941162
Forward: 7.257230043411255
Backward: 18.006173610687256
Opt.step: 1.2604289054870605
Forward: 7.12443733215332
Backward: 18.037163972854614
Opt.step: 1.352891445159912
Forward: 7.412146806716919
Backward: 18.6056706905365
Opt.step: 1.439338207244873
Forward: 7.229895353317261
Backward: 18.89029097557068
Opt.step: 1.3315808773040771
Forward: 7.183312177658081
Backward: 18.642556190490723
Opt.step: 1.3290014266967773
Forward: 7.374342679977417
Backward: 19.03314471244812
Opt.step: 1.3322596549987793
Forward: 7.29718542098999
Backward: 19.47422504425049
Opt.step: 1.3860523700714111
Forward: 7.453832149505615
Backward: 19.025190353393555
Opt.step: 1.3677809238433838
Forward: 7.374841213226318
Backward: 20.25889563560486
Opt.step: 1.4657096862792969
Forward: 7.507864713668823
Backward: 18.749685287475586
Opt.step: 1.2788994312286377
Forward: 7.338688373565674
Backward: 18.997258186340332
Opt.step: 1.327866792678833
Forward: 7.247165203094482
Backward: 19.484010696411133
Opt.step: 1.3404390811920166
Forward: 7.232234954833984
Backward: 18.77684497833252
Opt.step: 1.3259003162384033
Forward: 7.363544225692749
Backward: 19.984859228134155
Opt.step: 1.4350745677947998
Forward: 7.530700922012329
Backward: 19.57848620414734
Opt.step: 1.438206434249878
Forward: 7.567752361297607
Backward: 19.47453260421753
Opt.step: 1.3772268295288086
Forward: 7.376897573471069
Backward: 19.63994288444519
Opt.step: 1.4680330753326416
Forward: 7.435205459594727
Backward: 19.42549419403076
Opt.step: 1.3103480339050293
Forward: 7.533805847167969
Backward: 19.131288766860962
Opt.step: 1.3405416011810303
Forward: 7.288954734802246
Backward: 19.723010301589966
Opt.step: 1.3119463920593262
Forward: 7.356942176818848
Backward: 19.10246515274048
Opt.step: 1.3302886486053467
Forward: 7.30329155921936
Backward: 19.55085802078247
Opt.step: 1.3867592811584473
Forward: 7.399096727371216
Backward: 19.403222799301147
Opt.step: 1.365783452987671
Forward: 7.50641393661499
Backward: 19.49435806274414
Opt.step: 1.302821397781372
Forward: 7.463520765304565
Backward: 19.70139193534851
Opt.step: 1.2969067096710205
Forward: 7.490491151809692
Backward: 18.424972534179688
Opt.step: 1.3356406688690186
Forward: 7.245859861373901
Backward: 19.348868131637573
Opt.step: 1.4205474853515625
Forward: 7.363511085510254
Backward: 18.41675329208374
Opt.step: 1.361241102218628
Forward: 7.163509845733643
Backward: 19.05468726158142
Opt.step: 1.3724029064178467
Forward: 7.387288808822632
Backward: 19.548007011413574
Opt.step: 1.320307970046997
Forward: 7.401026725769043
Backward: 18.164427518844604
Opt.step: 1.393617868423462
Forward: 7.597008466720581
Backward: 19.874047994613647
Opt.step: 1.3037495613098145
Forward: 7.357471466064453
Backward: 19.695142030715942
Opt.step: 1.3444151878356934
Forward: 7.449451446533203
Backward: 18.66448974609375
Opt.step: 1.362333059310913
Forward: 7.323225975036621
Backward: 19.741392135620117
Opt.step: 1.4558343887329102
Forward: 7.401093006134033
Backward: 19.422618627548218
Opt.step: 1.4585845470428467
Forward: 7.635077238082886
Backward: 19.35962677001953
Opt.step: 1.2943880558013916
Forward: 7.455656051635742
Backward: 19.162559509277344
Opt.step: 1.4503018856048584
Forward: 7.437898397445679
Backward: 19.42105484008789
Opt.step: 1.3715167045593262
Forward: 7.811108827590942
Backward: 19.386357307434082
Opt.step: 1.3313183784484863
Forward: 7.450073480606079
Backward: 19.563415050506592
Opt.step: 1.3526287078857422
Forward: 7.562473297119141
Backward: 19.699756860733032
Opt.step: 1.3146142959594727
Forward: 7.6411051750183105
Backward: 19.88285803794861
Opt.step: 1.317582368850708
Forward: 7.497596740722656
Backward: 19.729721546173096
Opt.step: 1.4651906490325928
Forward: 7.624713659286499
Backward: 19.785451412200928
Opt.step: 1.3335340023040771
Forward: 7.561789035797119
Backward: 20.216432332992554
Opt.step: 1.365889310836792
Forward: 7.463849067687988
Backward: 19.715883493423462
Opt.step: 1.3853707313537598
Forward: 7.538078308105469
Backward: 19.610065937042236
Opt.step: 1.3298442363739014
Forward: 7.458715915679932
Backward: 19.882046699523926
Opt.step: 1.2750921249389648
Forward: 7.671738147735596
Backward: 19.55425500869751
Opt.step: 1.328244924545288
Forward: 7.579925537109375
Backward: 19.48821210861206
Opt.step: 1.2801814079284668
Forward: 7.4642980098724365
Backward: 19.871355533599854
Opt.step: 1.4132258892059326
Forward: 7.449452877044678
Backward: 19.697845458984375
Opt.step: 1.3272314071655273
Forward: 7.575030326843262
Backward: 19.46962332725525
Opt.step: 1.2440898418426514
Forward: 7.350619554519653
Backward: 19.571964979171753
Opt.step: 1.3178961277008057
Forward: 7.5106611251831055
Backward: 19.39484214782715
Opt.step: 1.3811569213867188
Forward: 7.5332324504852295
Backward: 19.999786615371704
Opt.step: 1.3903536796569824
Forward: 7.532752275466919
Backward: 20.120373487472534
Opt.step: 1.328531265258789
Forward: 7.52778172492981
Backward: 19.69485855102539
Opt.step: 1.4075560569763184
Forward: 7.598760366439819
Backward: 20.051172256469727
Opt.step: 1.2916173934936523
Forward: 7.551784038543701
Backward: 20.199610471725464
Opt.step: 1.4647164344787598
Forward: 7.586929559707642
Backward: 20.041491270065308
Opt.step: 1.364485740661621
Forward: 7.761623859405518
Backward: 20.461260557174683
Opt.step: 1.31080961227417
Forward: 7.569116115570068
Backward: 20.203891277313232
Opt.step: 1.3975234031677246
Forward: 7.751248598098755
Backward: 19.927302360534668
Opt.step: 1.4739561080932617
Forward: 7.656461238861084
Backward: 20.382954120635986
Opt.step: 1.4652807712554932
Forward: 7.6875128746032715
Backward: 20.107832431793213
Opt.step: 1.4172606468200684
Forward: 7.770560264587402
Backward: 20.02468776702881
Opt.step: 1.3584280014038086
Forward: 7.764815330505371
Backward: 20.184975624084473
Opt.step: 1.3781743049621582
Forward: 7.681741237640381
Backward: 19.63805389404297
Opt.step: 1.1595609188079834
Forward: 7.35995078086853
Backward: 19.419118404388428
Opt.step: 1.290125846862793
Forward: 7.5999369621276855
Backward: 19.48489499092102
Opt.step: 1.3049263954162598
Forward: 7.540971279144287
Backward: 19.609212398529053
Opt.step: 1.3729228973388672
Forward: 7.643445253372192
Backward: 19.757566690444946
Opt.step: 1.3281264305114746
Forward: 7.581408977508545
Backward: 19.70573353767395
Opt.step: 1.3040456771850586
Forward: 7.736190319061279
Backward: 19.455514430999756
Opt.step: 1.3495593070983887
Forward: 7.401803970336914
Backward: 19.823134660720825
Opt.step: 1.3889424800872803
Forward: 7.4056236743927
Backward: 19.68134593963623
Opt.step: 1.281506061553955
Forward: 7.407142400741577
Backward: 19.552738666534424
Opt.step: 1.298581600189209
Forward: 7.52074408531189
Backward: 19.329030990600586
Opt.step: 1.343170404434204
Forward: 7.42868447303772
Backward: 19.598612785339355
Opt.step: 1.3486802577972412
Forward: 7.423666477203369
Backward: 19.389002323150635
Opt.step: 1.3705005645751953
Forward: 7.471987009048462
Backward: 19.556251287460327
Opt.step: 1.325021743774414
Forward: 7.484287738800049
Backward: 19.33719778060913
Opt.step: 1.3131771087646484
Forward: 7.409737825393677
Backward: 19.396233081817627
Opt.step: 1.345857858657837
Forward: 7.44652533531189
Backward: 18.869369506835938
Opt.step: 1.1528139114379883
Forward: 7.776127338409424
Backward: 19.49118185043335
Opt.step: 1.3889169692993164
Forward: 7.512650966644287
Backward: 19.60342526435852
Opt.step: 1.3136112689971924
Forward: 7.440280914306641
Backward: 19.463491439819336
Opt.step: 1.3067185878753662
Forward: 7.360952377319336
Backward: 19.676679611206055
Opt.step: 1.3514153957366943
Forward: 7.539628028869629
Backward: 19.63788676261902
Opt.step: 1.2891154289245605
Forward: 7.637056112289429
Backward: 19.51558232307434
Opt.step: 1.3149337768554688
Forward: 7.407548904418945
Backward: 19.541481494903564
Opt.step: 1.3564388751983643
Forward: 7.508481502532959
Backward: 19.68996286392212
Opt.step: 1.2706453800201416
Forward: 7.437930107116699
Backward: 19.004271984100342
Opt.step: 1.3569695949554443
Forward: 7.418729066848755
Backward: 19.54094123840332
Opt.step: 1.3899447917938232
Forward: 7.44951057434082
Backward: 19.347179651260376
Opt.step: 1.2981908321380615
Forward: 7.550003290176392
Backward: 19.56388545036316
Opt.step: 1.2838799953460693
Forward: 7.394473075866699
Backward: 19.620590448379517
Opt.step: 1.3243660926818848
Forward: 7.432337522506714
Backward: 19.24118137359619
Opt.step: 1.316545009613037
Forward: 7.447834014892578
Backward: 19.407607078552246
Opt.step: 1.4130432605743408
Forward: 7.4800474643707275
Backward: 19.46659541130066
Opt.step: 1.3732073307037354
Forward: 7.3305206298828125
Backward: 19.251444101333618
Opt.step: 1.2917876243591309
Forward: 7.497089385986328
Backward: 19.710299968719482
Opt.step: 1.2877190113067627
Forward: 7.556805610656738
Backward: 19.666599988937378
Opt.step: 1.4387881755828857
Forward: 7.4102795124053955
Backward: 19.562530040740967
Opt.step: 1.3580443859100342
Forward: 7.477825403213501
Backward: 19.905911445617676
Opt.step: 1.3068897724151611
Forward: 7.682708024978638
Backward: 19.765730619430542
Opt.step: 1.3123648166656494
Forward: 7.5187413692474365
Backward: 20.00546932220459
Opt.step: 1.362717866897583
Forward: 7.552104473114014
Backward: 19.838264226913452
Opt.step: 1.3896031379699707
Forward: 7.587198257446289
Backward: 19.761335134506226
Opt.step: 1.4133167266845703
Forward: 7.628552675247192
Backward: 19.77174687385559
Opt.step: 1.3548858165740967
Forward: 7.6305060386657715
Backward: 19.598777770996094
Opt.step: 1.3923799991607666
Forward: 7.667381048202515
Backward: 19.78678250312805
Opt.step: 1.4022607803344727
Forward: 7.467220783233643
Backward: 20.024751901626587
Opt.step: 1.3355224132537842
Forward: 7.558399677276611
Backward: 19.59592318534851
Opt.step: 1.430891752243042
Forward: 7.635037899017334
Backward: 19.60999345779419
Opt.step: 1.3427534103393555
Forward: 7.551039218902588
Backward: 19.900702476501465
Opt.step: 1.3252968788146973
Forward: 7.586501121520996
Backward: 19.457606554031372
Opt.step: 1.3789327144622803
Forward: 7.476548671722412
Backward: 19.754337072372437
Opt.step: 1.3182461261749268
Forward: 7.562107563018799
Backward: 19.760757207870483
Opt.step: 1.4497950077056885
Forward: 7.526088237762451
Backward: 19.823384523391724
Opt.step: 1.346951961517334
Forward: 7.535645961761475
Backward: 19.63974690437317
Opt.step: 1.3124885559082031
Forward: 7.498482942581177
Backward: 19.634076595306396
Opt.step: 1.3365817070007324
Forward: 7.523601293563843
Backward: 19.702616930007935
Opt.step: 1.395416259765625
Forward: 7.550775766372681
Backward: 20.102692127227783
Opt.step: 1.3032596111297607
Forward: 7.614300966262817
Backward: 19.68127417564392
Opt.step: 1.3753547668457031
Forward: 2.3048410415649414
Backward: 6.17468523979187
Opt.step: 1.412168025970459
Epoch 9: Validation Loss = 3.0030243396759033
Epoch 9: {'bleu': 15.346313788925544}
Saved checkpoint to ./workdir_vocab10000_lr0.001_embd256/checkpoint_epoch9.npz
Forward: 7.156965732574463
Backward: 18.47820520401001
Opt.step: 1.2753400802612305
Forward: 7.492511749267578
Backward: 18.71127223968506
Opt.step: 1.4607150554656982
Forward: 7.363221883773804
Backward: 18.678639888763428
Opt.step: 1.3620455265045166
Forward: 7.139998197555542
Backward: 18.923335552215576
Opt.step: 1.3264493942260742
Forward: 7.0621726512908936
Backward: 18.927143096923828
Opt.step: 1.4491007328033447
Forward: 7.123102903366089
Backward: 17.600351810455322
Opt.step: 1.385716438293457
Forward: 7.16322922706604
Backward: 17.776365280151367
Opt.step: 1.3186116218566895
Forward: 7.161005973815918
Backward: 17.90425419807434
Opt.step: 1.4106292724609375
Forward: 7.274005174636841
Backward: 18.710388898849487
Opt.step: 1.355233907699585
Forward: 7.238050222396851
Backward: 18.717530250549316
Opt.step: 1.3027184009552002
Forward: 7.2233898639678955
Backward: 18.727757930755615
Opt.step: 1.3107798099517822
Forward: 7.24558162689209
Backward: 17.684946298599243
Opt.step: 1.4356725215911865
Forward: 7.186561346054077
Backward: 17.790602207183838
Opt.step: 1.3083624839782715
Forward: 7.251502990722656
Backward: 17.362909078598022
Opt.step: 1.2968289852142334
Forward: 7.060556650161743
Backward: 18.723743677139282
Opt.step: 1.3717079162597656
Forward: 7.1134114265441895
Backward: 18.51202964782715
Opt.step: 1.3346421718597412
Forward: 7.381622314453125
Backward: 17.411248683929443
Opt.step: 1.1220624446868896
Forward: 7.339843511581421
Backward: 18.645848035812378
Opt.step: 1.3063387870788574
Forward: 7.265084266662598
Backward: 18.401301622390747
Opt.step: 1.3744587898254395
Forward: 7.322312355041504
Backward: 18.43431258201599
Opt.step: 1.366389513015747
Forward: 7.370682001113892
Backward: 17.77555561065674
Opt.step: 1.3293826580047607
Forward: 7.631724834442139
Backward: 17.64545464515686
Opt.step: 1.3569691181182861
Forward: 7.458933591842651
Backward: 17.706003427505493
Opt.step: 1.3517699241638184
Forward: 7.263482570648193
Backward: 19.382970094680786
Opt.step: 1.4061157703399658
Forward: 7.242044687271118
Backward: 18.451455116271973
Opt.step: 1.3685407638549805
Forward: 7.122093915939331
Backward: 19.18877649307251
Opt.step: 1.3689942359924316
Forward: 7.34933066368103
Backward: 17.643076419830322
Opt.step: 1.3577344417572021
Forward: 7.330214738845825
Backward: 18.560402631759644
Opt.step: 1.303161382675171
Forward: 7.3405890464782715
Backward: 17.6988422870636
Opt.step: 1.420868158340454
Forward: 7.227856397628784
Backward: 19.0085711479187
Opt.step: 1.4515578746795654
Forward: 7.427644729614258
Backward: 17.96614909172058
Opt.step: 1.3212289810180664
Forward: 7.184937000274658
Backward: 19.458232164382935
Opt.step: 1.3312017917633057
Forward: 7.670342922210693
Backward: 19.13259983062744
Opt.step: 1.386878252029419
Forward: 7.3991663455963135
Backward: 19.245846033096313
Opt.step: 1.189946174621582
Forward: 7.43030047416687
Backward: 18.728384017944336
Opt.step: 1.2834222316741943
Forward: 7.294749021530151
Backward: 18.787548065185547
Opt.step: 1.3374600410461426
Forward: 7.240384340286255
Backward: 19.442282676696777
Opt.step: 1.3529751300811768
Forward: 7.4439826011657715
Backward: 19.34354591369629
Opt.step: 1.3452739715576172
Forward: 7.274358034133911
Backward: 19.52725577354431
Opt.step: 1.3573267459869385
Forward: 7.577861547470093
Backward: 19.404113054275513
Opt.step: 1.3197238445281982
Forward: 7.370176792144775
Backward: 19.628122329711914
Opt.step: 1.333643913269043
Forward: 7.414961814880371
Backward: 19.40193772315979
Opt.step: 1.3431410789489746
Forward: 7.457669019699097
Backward: 19.27582812309265
Opt.step: 1.3714003562927246
Forward: 7.322561502456665
Backward: 19.291637659072876
Opt.step: 1.3243377208709717
Forward: 7.536803483963013
Backward: 17.981305599212646
Opt.step: 1.26643705368042
Forward: 7.22365927696228
Backward: 19.30841827392578
Opt.step: 1.2990713119506836
Forward: 7.364144802093506
Backward: 18.747703552246094
Opt.step: 1.3173060417175293
Forward: 7.201155662536621
Backward: 19.160080432891846
Opt.step: 1.3407049179077148
Forward: 7.501759052276611
Backward: 19.354364156723022
Opt.step: 1.2886123657226562
Forward: 7.339585304260254
Backward: 19.319575786590576
Opt.step: 1.3007419109344482
Forward: 7.37412428855896
Backward: 18.389890432357788
Opt.step: 1.308107852935791
Forward: 7.506804466247559
Backward: 19.651318311691284
Opt.step: 1.438560962677002
Forward: 7.276110887527466
Backward: 18.003448247909546
Opt.step: 1.2955093383789062
Forward: 7.085754632949829
Backward: 19.44907546043396
Opt.step: 1.3547770977020264
Forward: 7.463804721832275
Backward: 18.861337423324585
Opt.step: 1.2703843116760254
Forward: 7.190675258636475
Backward: 19.563740968704224
Opt.step: 1.3414626121520996
Forward: 7.564999341964722
Backward: 19.181796073913574
Opt.step: 1.3225440979003906
Forward: 7.273177146911621
Backward: 19.64790415763855
Opt.step: 1.240466594696045
Forward: 7.585231781005859
Backward: 19.556437492370605
Opt.step: 1.2775976657867432
Forward: 7.343825578689575
Backward: 19.947769165039062
Opt.step: 1.3959603309631348
Forward: 7.576702117919922
Backward: 19.557640314102173
Opt.step: 1.3020687103271484
Forward: 7.450635671615601
Backward: 19.562596321105957
Opt.step: 1.3678228855133057
Forward: 7.396111488342285
Backward: 19.639784574508667
Opt.step: 1.3416759967803955
Forward: 7.576720714569092
Backward: 19.53610134124756
Opt.step: 1.3029043674468994
Forward: 7.380441665649414
Backward: 18.246294498443604
Opt.step: 1.411755084991455
Forward: 7.197264909744263
Backward: 19.787686586380005
Opt.step: 1.3753464221954346
Forward: 7.6033618450164795
Backward: 19.330393314361572
Opt.step: 1.3278610706329346
Forward: 7.154064178466797
Backward: 19.366833448410034
Opt.step: 1.3111729621887207
Forward: 7.374918222427368
Backward: 19.623818397521973
Opt.step: 1.3370888233184814
Forward: 7.665344715118408
Backward: 19.40640139579773
Opt.step: 1.300145149230957
Forward: 7.323670864105225
Backward: 19.464317321777344
Opt.step: 1.3721435070037842
Forward: 7.4194042682647705
Backward: 19.31924796104431
Opt.step: 1.3434772491455078
Forward: 7.490482568740845
Backward: 19.8952898979187
Opt.step: 1.3009090423583984
Forward: 7.468814134597778
Backward: 19.39047861099243
Opt.step: 1.299394130706787
Forward: 7.57965612411499
Backward: 19.266685724258423
Opt.step: 1.3511981964111328
Forward: 7.416345596313477
Backward: 19.817615747451782
Opt.step: 1.3034682273864746
Forward: 7.498453378677368
Backward: 19.40246033668518
Opt.step: 1.273435115814209
Forward: 7.534998655319214
Backward: 19.325767040252686
Opt.step: 1.3163316249847412
Forward: 7.416461706161499
Backward: 19.443772792816162
Opt.step: 1.4160487651824951
Forward: 7.319466590881348
Backward: 19.19639563560486
Opt.step: 1.3291780948638916
Forward: 7.481602430343628
Backward: 19.449486017227173
Opt.step: 1.338810920715332
Forward: 7.324250936508179
Backward: 19.62525963783264
Opt.step: 1.3289196491241455
Forward: 7.37575888633728
Backward: 19.309369564056396
Opt.step: 1.2976043224334717
Forward: 7.375803709030151
Backward: 19.370805501937866
Opt.step: 1.2989203929901123
Forward: 7.5301432609558105
Backward: 19.19647979736328
Opt.step: 1.3267135620117188
Forward: 7.601832866668701
Backward: 19.306240797042847
Opt.step: 1.258613109588623
Forward: 7.301444053649902
Backward: 19.472611904144287
Opt.step: 1.2791438102722168
Forward: 7.435316801071167
Backward: 19.180097818374634
Opt.step: 1.312781810760498
Forward: 7.306838035583496
Backward: 19.56346869468689
Opt.step: 1.3112809658050537
Forward: 7.316029071807861
Backward: 19.3335063457489
Opt.step: 1.3240890502929688
Forward: 7.50968337059021
Backward: 19.202840089797974
Opt.step: 1.2618598937988281
Forward: 7.443675756454468
Backward: 19.398477792739868
Opt.step: 1.3378393650054932
Forward: 7.430807828903198
Backward: 19.454535722732544
Opt.step: 1.285423994064331
Forward: 7.430264949798584
Backward: 19.25687026977539
Opt.step: 1.3319628238677979
Forward: 7.5033814907073975
Backward: 19.25022530555725
Opt.step: 1.3012070655822754
Forward: 7.317511796951294
Backward: 19.11326289176941
Opt.step: 1.3289203643798828
Forward: 7.518801689147949
Backward: 19.411110877990723
Opt.step: 1.2907538414001465
Forward: 7.3791913986206055
Backward: 19.4159836769104
Opt.step: 1.3880059719085693
Forward: 7.363022089004517
Backward: 19.12183904647827
Opt.step: 1.3264389038085938
Forward: 7.421013832092285
Backward: 19.24590802192688
Opt.step: 1.2874042987823486
Forward: 7.396290063858032
Backward: 19.28914189338684
Opt.step: 1.3852863311767578
Forward: 7.61687445640564
Backward: 19.59065556526184
Opt.step: 1.3915939331054688
Forward: 7.395779132843018
Backward: 19.498692512512207
Opt.step: 1.3596608638763428
Forward: 7.241503000259399
Backward: 19.7905375957489
Opt.step: 1.3382093906402588
Forward: 7.460830926895142
Backward: 18.996617078781128
Opt.step: 1.2937321662902832
Forward: 7.305553913116455
Backward: 19.664725303649902
Opt.step: 1.3788549900054932
Forward: 7.531641006469727
Backward: 18.91981267929077
Opt.step: 1.3056399822235107
Forward: 7.3197691440582275
Backward: 19.63966417312622
Opt.step: 1.3582568168640137
Forward: 7.618948936462402
Backward: 19.66276979446411
Opt.step: 1.2849609851837158
Forward: 7.532125234603882
Backward: 19.629948377609253
Opt.step: 1.2991151809692383
Forward: 7.3004724979400635
Backward: 19.56624174118042
Opt.step: 1.3876240253448486
Forward: 7.390491247177124
Backward: 19.212990760803223
Opt.step: 1.2362613677978516
Forward: 7.405811548233032
Backward: 19.635183572769165
Opt.step: 1.3875370025634766
Forward: 7.487722635269165
Backward: 19.768989324569702
Opt.step: 1.3514578342437744
Forward: 7.422383546829224
Backward: 19.428300857543945
Opt.step: 1.3165533542633057
Forward: 7.473840713500977
Backward: 19.67713499069214
Opt.step: 1.2693259716033936
Forward: 7.071329355239868
Backward: 19.55620789527893
Opt.step: 1.3947162628173828
Forward: 7.451602458953857
Backward: 19.49440860748291
Opt.step: 1.4198756217956543
Forward: 7.412915945053101
Backward: 19.775562047958374
Opt.step: 1.359323501586914
Forward: 7.493082284927368
Backward: 19.346722841262817
Opt.step: 1.2847223281860352
Forward: 7.478219509124756
Backward: 19.52095079421997
Opt.step: 1.3334197998046875
Forward: 7.5968358516693115
Backward: 19.404786586761475
Opt.step: 1.338003158569336
Forward: 7.4965269565582275
Backward: 19.54943060874939
Opt.step: 1.3039906024932861
Forward: 7.440146446228027
Backward: 19.40571427345276
Opt.step: 1.2749030590057373
Forward: 7.500974178314209
Backward: 19.228155851364136
Opt.step: 1.3572719097137451
Forward: 7.6562371253967285
Backward: 19.378291845321655
Opt.step: 1.3262581825256348
Forward: 7.364362478256226
Backward: 19.293171882629395
Opt.step: 1.3450005054473877
Forward: 7.328735828399658
Backward: 19.568288803100586
Opt.step: 1.2858872413635254
Forward: 7.466336488723755
Backward: 19.502159595489502
Opt.step: 1.3456220626831055
Forward: 7.411318302154541
Backward: 19.82565999031067
Opt.step: 1.3181121349334717
Forward: 7.561801195144653
Backward: 19.39101481437683
Opt.step: 1.3550312519073486
Forward: 7.562676906585693
Backward: 19.63120985031128
Opt.step: 1.340707778930664
Forward: 7.440694332122803
Backward: 19.577359437942505
Opt.step: 1.3091185092926025
Forward: 7.491559743881226
Backward: 19.281091451644897
Opt.step: 1.2929744720458984
Forward: 7.304365873336792
Backward: 19.33470845222473
Opt.step: 1.3777344226837158
Forward: 7.37294340133667
Backward: 19.337549448013306
Opt.step: 1.3284354209899902
Forward: 7.449664115905762
Backward: 19.438550233840942
Opt.step: 1.5385265350341797
Forward: 7.394711971282959
Backward: 19.73102355003357
Opt.step: 1.3329508304595947
Forward: 7.444253444671631
Backward: 19.672393798828125
Opt.step: 1.3752152919769287
Forward: 7.619259834289551
Backward: 19.12854242324829
Opt.step: 1.4267258644104004
Forward: 7.667271614074707
Backward: 19.805999279022217
Opt.step: 1.310835599899292
Forward: 7.5735461711883545
Backward: 19.64279055595398
Opt.step: 1.2745766639709473
Forward: 7.712863445281982
Backward: 19.669044017791748
Opt.step: 1.3425464630126953
Forward: 7.420079231262207
Backward: 19.474989414215088
Opt.step: 1.3300158977508545
Forward: 7.752387762069702
Backward: 19.71578884124756
Opt.step: 1.3505232334136963
Forward: 7.389479637145996
Backward: 20.217833518981934
Opt.step: 1.4174399375915527
Forward: 7.4691972732543945
Backward: 19.62006425857544
Opt.step: 1.3307859897613525
Forward: 7.752939224243164
Backward: 19.69716501235962
Opt.step: 1.3796188831329346
Forward: 7.5135955810546875
Backward: 19.230961322784424
Opt.step: 1.325542688369751
Forward: 7.637834310531616
Backward: 19.54066753387451
Opt.step: 1.3448991775512695
Forward: 7.450865030288696
Backward: 20.086240530014038
Opt.step: 1.355330228805542
Forward: 7.549957990646362
Backward: 19.976723432540894
Opt.step: 1.3763353824615479
Forward: 7.409932851791382
Backward: 19.59333109855652
Opt.step: 1.6124005317687988
Forward: 7.5970542430877686
Backward: 19.745723962783813
Opt.step: 1.4330358505249023
Forward: 7.595745325088501
Backward: 19.977712869644165
Opt.step: 1.4045898914337158
Forward: 7.7132909297943115
Backward: 19.382771253585815
Opt.step: 1.3244678974151611
Forward: 2.423095226287842
Backward: 6.072421550750732
Opt.step: 1.3777055740356445
Epoch 10: Validation Loss = 2.92250919342041
Epoch 10: {'bleu': 15.546005569443901}
Saved checkpoint to ./workdir_vocab10000_lr0.001_embd256/checkpoint_epoch10.npz
Forward: 7.134830713272095
Backward: 18.17714834213257
Opt.step: 1.236280918121338
Forward: 8.026453733444214
Backward: 18.873586893081665
Opt.step: 1.345585823059082
Forward: 7.274526119232178
Backward: 18.309650659561157
Opt.step: 1.2898426055908203
Forward: 7.227075099945068
Backward: 18.666280508041382
Opt.step: 1.3968863487243652
Forward: 7.153190851211548
Backward: 17.590851068496704
Opt.step: 1.3192226886749268
Forward: 7.235151052474976
Backward: 18.77816152572632
Opt.step: 1.2583563327789307
Forward: 7.118139028549194
Backward: 17.128238201141357
Opt.step: 1.3401732444763184
Forward: 7.050702333450317
Backward: 19.073225021362305
Opt.step: 1.374748706817627
Forward: 6.975076913833618
Backward: 17.14261221885681
Opt.step: 1.2896263599395752
Forward: 7.221551418304443
Backward: 18.854493141174316
Opt.step: 1.3192832469940186
Forward: 6.997148752212524
Backward: 17.53519105911255
Opt.step: 1.3582048416137695
Forward: 7.225275039672852
Backward: 18.367762088775635
Opt.step: 1.3069005012512207
Forward: 6.997723340988159
Backward: 17.390716791152954
Opt.step: 1.45747971534729
Forward: 7.185017108917236
Backward: 17.203011512756348
Opt.step: 1.2860283851623535
Forward: 7.086925506591797
Backward: 17.27194046974182
Opt.step: 1.3348331451416016
Forward: 7.054383039474487
Backward: 17.184659957885742
Opt.step: 1.3657536506652832
Forward: 6.978238105773926
Backward: 17.090101957321167
Opt.step: 1.254201889038086
Forward: 7.1752989292144775
Backward: 17.43449831008911
Opt.step: 1.3477764129638672
Forward: 7.248260736465454
Backward: 17.582236766815186
Opt.step: 1.3019163608551025
Forward: 7.1801533699035645
Backward: 18.257578134536743
Opt.step: 1.6067373752593994
Forward: 7.4975266456604
Backward: 17.756434440612793
Opt.step: 1.4774401187896729
Forward: 7.3508031368255615
Backward: 18.42147397994995
Opt.step: 1.3985254764556885
Forward: 7.449108839035034
Backward: 17.816564798355103
Opt.step: 1.4686264991760254
Forward: 7.314943790435791
Backward: 18.13394546508789
Opt.step: 1.4019267559051514
Forward: 7.2443366050720215
Backward: 17.88566255569458
Opt.step: 1.3673734664916992
Forward: 7.16025447845459
Backward: 17.886497259140015
Opt.step: 1.3762702941894531
Forward: 7.1598968505859375
Backward: 18.157522678375244
Opt.step: 1.365920066833496
Forward: 7.308953762054443
Backward: 19.209110736846924
Opt.step: 1.3759946823120117
Forward: 7.503763914108276
Backward: 18.630159854888916
Opt.step: 1.3865983486175537
Forward: 7.379799127578735
Backward: 19.38250160217285
Opt.step: 1.3722965717315674
Forward: 7.29218053817749
Backward: 18.96287751197815
Opt.step: 1.3905470371246338
Forward: 7.689985036849976
Backward: 19.066264867782593
Opt.step: 1.4451560974121094
Forward: 7.30382776260376
Backward: 19.159619569778442
Opt.step: 1.3029098510742188
Forward: 7.44185996055603
Backward: 19.14762544631958
Opt.step: 1.3311998844146729
Forward: 7.531498193740845
Backward: 18.606483936309814
Opt.step: 1.3517076969146729
Forward: 7.47988224029541
Backward: 18.937072038650513
Opt.step: 1.3180007934570312
Forward: 7.36533784866333
Backward: 18.176963329315186
Opt.step: 1.2845149040222168
Forward: 7.225304841995239
Backward: 18.3203866481781
Opt.step: 1.4056248664855957
Forward: 7.444547891616821
Backward: 18.801626682281494
Opt.step: 1.2839927673339844
Forward: 7.295257806777954
Backward: 19.18858790397644
Opt.step: 1.361374855041504
Forward: 7.359002113342285
Backward: 18.939351081848145
Opt.step: 1.4430887699127197
Forward: 7.519775629043579
Backward: 18.91808032989502
Opt.step: 1.338001012802124
Forward: 7.413313388824463
Backward: 18.66497778892517
Opt.step: 1.3741683959960938
Forward: 7.4772913455963135
Backward: 19.738394498825073
Opt.step: 1.3863286972045898
Forward: 7.542336463928223
Backward: 19.073562145233154
Opt.step: 1.3281278610229492
Forward: 7.482784748077393
Backward: 19.97367286682129
Opt.step: 1.2843310832977295
Forward: 7.642714023590088
Backward: 19.616667985916138
Opt.step: 1.3170232772827148
Forward: 7.648426294326782
Backward: 19.87378478050232
Opt.step: 1.4053771495819092
Forward: 7.438620090484619
Backward: 19.72620129585266
Opt.step: 1.3943538665771484
Forward: 7.530393838882446
Backward: 19.704702854156494
Opt.step: 1.3028168678283691
Forward: 7.5573060512542725
Backward: 19.99967622756958
Opt.step: 1.3750903606414795
Forward: 7.60859489440918
Backward: 19.12730097770691
Opt.step: 1.357673168182373
Forward: 7.758582830429077
Backward: 20.059566974639893
Opt.step: 1.3414943218231201
Forward: 7.541446208953857
Backward: 19.444150686264038
Opt.step: 1.3306734561920166
Forward: 7.525998592376709
Backward: 19.200251817703247
Opt.step: 1.3983681201934814
Forward: 7.31348443031311
Backward: 19.183756828308105
Opt.step: 1.318444013595581
Forward: 7.453221797943115
Backward: 19.56472110748291
Opt.step: 1.3564493656158447
Forward: 7.389152526855469
Backward: 19.83243441581726
Opt.step: 1.3433268070220947
Forward: 7.734467506408691
Backward: 20.07574772834778
Opt.step: 1.2888612747192383
Forward: 7.51829719543457
Backward: 19.889561891555786
Opt.step: 1.3922178745269775
Forward: 7.651100397109985
Backward: 19.676636695861816
Opt.step: 1.3352248668670654
Forward: 7.698946714401245
Backward: 19.50420093536377
Opt.step: 1.3514604568481445
Forward: 7.537726879119873
Backward: 19.254021883010864
Opt.step: 1.4158740043640137
Forward: 7.48836874961853
Backward: 19.19722294807434
Opt.step: 1.3923046588897705
Forward: 7.5183868408203125
Backward: 19.29722547531128
Opt.step: 1.4203226566314697
Forward: 7.416774272918701
Backward: 19.007899522781372
Opt.step: 1.4221529960632324
Forward: 7.361705303192139
Backward: 19.759098291397095
Opt.step: 1.3122766017913818
Forward: 7.481216907501221
Backward: 18.931842803955078
Opt.step: 1.3726918697357178
Forward: 7.310885906219482
Backward: 19.49940800666809
Opt.step: 1.4344563484191895
Forward: 7.526652812957764
Backward: 19.607417345046997
Opt.step: 1.3380672931671143
Forward: 7.5285117626190186
Backward: 19.667628526687622
Opt.step: 1.4599785804748535
Forward: 7.64846134185791
Backward: 19.375186443328857
Opt.step: 1.3281445503234863
Forward: 7.404497861862183
Backward: 19.756030797958374
Opt.step: 1.3843848705291748
Forward: 7.42888331413269
Backward: 19.03291344642639
Opt.step: 1.295231580734253
Forward: 7.357206106185913
Backward: 19.354504823684692
Opt.step: 1.336496114730835
Forward: 7.380856990814209
Backward: 19.863927602767944
Opt.step: 1.3285272121429443
Forward: 7.602043390274048
Backward: 19.47775959968567
Opt.step: 1.3418786525726318
Forward: 7.48349666595459
Backward: 19.64105987548828
Opt.step: 1.296959638595581
Forward: 7.363610029220581
Backward: 19.132904291152954
Opt.step: 1.3796260356903076
Forward: 7.3978540897369385
Backward: 18.96728014945984
Opt.step: 1.2608411312103271
Forward: 7.459566354751587
Backward: 18.855923891067505
Opt.step: 1.287201166152954
Forward: 7.380073070526123
Backward: 19.502982139587402
Opt.step: 1.2374117374420166
Forward: 7.3858301639556885
Backward: 19.377267837524414
Opt.step: 1.3378090858459473
Forward: 7.3525660037994385
Backward: 19.30342745780945
Opt.step: 1.4037964344024658
Forward: 7.342453479766846
Backward: 19.093430280685425
Opt.step: 1.4165995121002197
Forward: 7.1552839279174805
Backward: 18.979034185409546
Opt.step: 1.2756400108337402
Forward: 7.305099010467529
Backward: 19.265147924423218
Opt.step: 1.3581876754760742
Forward: 7.4747233390808105
Backward: 19.465452432632446
Opt.step: 1.3645577430725098
Forward: 7.395450115203857
Backward: 19.637004375457764
Opt.step: 1.4587326049804688
Forward: 7.5564422607421875
Backward: 20.034780502319336
Opt.step: 1.43369722366333
Forward: 7.5308637619018555
Backward: 19.738118171691895
Opt.step: 1.317209243774414
Forward: 7.516404151916504
Backward: 19.739118814468384
Opt.step: 1.3858885765075684
Forward: 7.763924598693848
Backward: 19.714459896087646
Opt.step: 1.4062299728393555
Forward: 7.5375001430511475
Backward: 19.96776294708252
Opt.step: 1.415686845779419
Forward: 7.586010694503784
Backward: 19.844581127166748
Opt.step: 1.4390106201171875
Forward: 7.591513633728027
Backward: 19.75562024116516
Opt.step: 1.3524487018585205
Forward: 7.6889328956604
Backward: 19.939881324768066
Opt.step: 1.3857080936431885
Forward: 7.621776342391968
Backward: 19.833423376083374
Opt.step: 1.2840523719787598
Forward: 7.803056478500366
Backward: 20.242789268493652
Opt.step: 1.3737053871154785
Forward: 7.5274739265441895
Backward: 20.103944063186646
Opt.step: 1.4827890396118164
Forward: 7.608683109283447
Backward: 19.779743432998657
Opt.step: 1.2983582019805908
Forward: 7.8597307205200195
Backward: 19.426332712173462
Opt.step: 1.3434555530548096
Forward: 7.316094875335693
Backward: 19.456128358840942
Opt.step: 1.3024964332580566
Forward: 7.55377984046936
Backward: 19.354134559631348
Opt.step: 1.3133702278137207
Forward: 7.372601270675659
Backward: 19.57175374031067
Opt.step: 1.3168351650238037
Forward: 7.447754383087158
Backward: 19.29657006263733
Opt.step: 1.3360228538513184
Forward: 7.405277729034424
Backward: 18.936287879943848
Opt.step: 1.2981932163238525
Forward: 7.328936815261841
Backward: 19.160000562667847
Opt.step: 1.4144847393035889
Forward: 7.228851318359375
Backward: 19.107074975967407
Opt.step: 1.2463171482086182
Forward: 7.265313148498535
Backward: 19.405430555343628
Opt.step: 1.2838361263275146
Forward: 7.431074380874634
Backward: 18.899715423583984
Opt.step: 1.326282262802124
Forward: 7.433125019073486
Backward: 19.641196727752686
Opt.step: 1.3514034748077393
Forward: 7.493955135345459
Backward: 19.623066425323486
Opt.step: 1.3238434791564941
Forward: 7.453452825546265
Backward: 19.507202625274658
Opt.step: 1.3796465396881104
Forward: 7.6588051319122314
Backward: 19.797048807144165
Opt.step: 1.3187792301177979
Forward: 7.503441572189331
Backward: 19.711863040924072
Opt.step: 1.2967586517333984
Forward: 7.537812948226929
Backward: 19.378166913986206
Opt.step: 1.3117594718933105
Forward: 7.402077674865723
Backward: 19.104498863220215
Opt.step: 1.4015822410583496
Forward: 7.628680944442749
Backward: 19.741052865982056
Opt.step: 1.36039400100708
Forward: 7.411226034164429
Backward: 19.63669228553772
Opt.step: 1.346822738647461
Forward: 7.7251574993133545
Backward: 19.615298748016357
Opt.step: 1.3584773540496826
Forward: 7.604571580886841
Backward: 19.68376922607422
Opt.step: 1.404050588607788
Forward: 7.611247539520264
Backward: 19.775817394256592
Opt.step: 1.3749337196350098
Forward: 7.508813858032227
Backward: 19.638074159622192
Opt.step: 1.3457748889923096
Forward: 7.646751403808594
Backward: 19.882566928863525
Opt.step: 1.329012155532837
Forward: 7.464686155319214
Backward: 19.64484143257141
Opt.step: 1.2973637580871582
Forward: 7.465956687927246
Backward: 19.91963005065918
Opt.step: 1.3702709674835205
Forward: 7.579428672790527
Backward: 20.02999186515808
Opt.step: 1.3792121410369873
Forward: 7.521630764007568
Backward: 19.91291618347168
Opt.step: 1.3158483505249023
Forward: 7.580852270126343
Backward: 19.835362911224365
Opt.step: 1.348020315170288
Forward: 7.519888639450073
Backward: 19.81042742729187
Opt.step: 1.3574209213256836
Forward: 7.571412086486816
Backward: 19.32935094833374
Opt.step: 1.371553897857666
Forward: 7.512903928756714
Backward: 19.57747197151184
Opt.step: 1.379300832748413
Forward: 7.607342720031738
Backward: 19.275346517562866
Opt.step: 1.1483545303344727
Forward: 7.444838762283325
Backward: 19.514943599700928
Opt.step: 1.246551275253296
Forward: 7.282798767089844
Backward: 18.923999786376953
Opt.step: 1.299070119857788
Forward: 7.363754034042358
Backward: 19.097014904022217
Opt.step: 1.3183484077453613
Forward: 7.388254880905151
Backward: 19.68501925468445
Opt.step: 1.3707036972045898
Forward: 7.3318397998809814
Backward: 19.521528720855713
Opt.step: 1.3054823875427246
Forward: 7.438483953475952
Backward: 19.603766679763794
Opt.step: 1.3586070537567139
Forward: 7.5385167598724365
Backward: 19.35913872718811
Opt.step: 1.2984890937805176
Forward: 7.713800668716431
Backward: 19.569490909576416
Opt.step: 1.3416149616241455
Forward: 7.370455980300903
Backward: 19.518980979919434
Opt.step: 1.3203279972076416
Forward: 7.486402273178101
Backward: 19.470234394073486
Opt.step: 1.325312852859497
Forward: 7.56122899055481
Backward: 19.68627405166626
Opt.step: 1.348785161972046
Forward: 7.543424844741821
Backward: 19.576862812042236
Opt.step: 1.3960278034210205
Forward: 7.47782826423645
Backward: 19.678642749786377
Opt.step: 1.3028457164764404
Forward: 7.400583744049072
Backward: 19.62970995903015
Opt.step: 1.347395420074463
Forward: 7.532472848892212
Backward: 19.62619972229004
Opt.step: 1.4080517292022705
Forward: 7.657305479049683
Backward: 19.665369510650635
Opt.step: 1.246433973312378
Forward: 7.717022895812988
Backward: 19.730567455291748
Opt.step: 1.2950108051300049
Forward: 7.410196781158447
Backward: 19.667322397232056
Opt.step: 1.424058437347412
Forward: 7.478573799133301
Backward: 19.582634925842285
Opt.step: 1.335664987564087
Forward: 7.479992866516113
Backward: 19.97514533996582
Opt.step: 1.2961950302124023
Forward: 7.524779558181763
Backward: 19.600375652313232
Opt.step: 1.3780639171600342
Forward: 7.57947039604187
Backward: 19.75726819038391
Opt.step: 1.2922377586364746
Forward: 2.430152654647827
Backward: 6.1495842933654785
Opt.step: 1.3332905769348145
Epoch 11: Validation Loss = 2.8512909412384033
Epoch 11: {'bleu': 17.48576017964212}
Saved checkpoint to ./workdir_vocab10000_lr0.001_embd256/checkpoint_epoch11.npz
Forward: 6.980801582336426
Backward: 17.79250979423523
Opt.step: 1.2948200702667236
Forward: 7.647217512130737
Backward: 19.131383657455444
Opt.step: 1.313673973083496
Forward: 6.950282573699951
Backward: 18.632441759109497
Opt.step: 1.2765042781829834
Forward: 7.0320024490356445
Backward: 17.72836661338806
Opt.step: 1.305910348892212
Forward: 6.9282965660095215
Backward: 18.304869174957275
Opt.step: 1.5926167964935303
Forward: 7.07134485244751
Backward: 18.267454385757446
Opt.step: 1.3324224948883057
Forward: 7.028080463409424
Backward: 17.84269404411316
Opt.step: 1.2487754821777344
Forward: 6.95560359954834
Backward: 18.829917192459106
Opt.step: 1.3321475982666016
Forward: 6.878342390060425
Backward: 17.028645753860474
Opt.step: 1.2856698036193848
Forward: 7.144556760787964
Backward: 18.513352632522583
Opt.step: 1.2895348072052002
Forward: 6.989706754684448
Backward: 17.81403660774231
Opt.step: 1.2312073707580566
Forward: 6.996686697006226
Backward: 17.704413175582886
Opt.step: 1.2903103828430176
Forward: 7.009739875793457
Backward: 17.272493839263916
Opt.step: 1.3307304382324219
Forward: 7.03190016746521
Backward: 18.276790618896484
Opt.step: 1.2879247665405273
Forward: 6.963077068328857
Backward: 17.87017512321472
Opt.step: 1.4006879329681396
Forward: 7.03535008430481
Backward: 18.43317222595215
Opt.step: 1.3405473232269287
Forward: 7.2260582447052
Backward: 17.66011095046997
Opt.step: 1.3269734382629395
Forward: 7.152738094329834
Backward: 17.936243057250977
Opt.step: 1.3862848281860352
Forward: 7.386309385299683
Backward: 17.21111273765564
Opt.step: 1.3062677383422852
Forward: 7.062069892883301
Backward: 18.27491807937622
Opt.step: 1.3140761852264404
Forward: 7.156651020050049
Backward: 17.34154200553894
Opt.step: 1.244699478149414
Forward: 7.1653077602386475
Backward: 18.16773509979248
Opt.step: 1.2796709537506104
Forward: 7.109050273895264
Backward: 17.50382947921753
Opt.step: 1.3595221042633057
Forward: 7.085703611373901
Backward: 18.75460457801819
Opt.step: 1.3494346141815186
Forward: 7.342820882797241
Backward: 18.131823778152466
Opt.step: 1.4619777202606201
Forward: 7.41243839263916
Backward: 18.771058797836304
Opt.step: 1.0038530826568604
Forward: 7.053337335586548
Backward: 17.983107328414917
Opt.step: 1.3425331115722656
Forward: 7.1429619789123535
Backward: 18.624967575073242
Opt.step: 1.3614726066589355
Forward: 7.4140708446502686
Backward: 18.071941137313843
Opt.step: 1.3178391456604004
Forward: 7.22973895072937
Backward: 19.03797149658203
Opt.step: 1.3886895179748535
Forward: 7.241509675979614
Backward: 17.515540599822998
Opt.step: 1.3023545742034912
Forward: 7.1026997566223145
Backward: 19.07652258872986
Opt.step: 1.3362739086151123
Forward: 7.243923187255859
Backward: 17.59656023979187
Opt.step: 1.383012294769287
Forward: 7.000161170959473
Backward: 19.938743352890015
Opt.step: 1.2993345260620117
Forward: 7.5076210498809814
Backward: 17.89491105079651
Opt.step: 1.377929449081421
Forward: 7.136011362075806
Backward: 19.882874727249146
Opt.step: 1.4287750720977783
Forward: 7.784281492233276
Backward: 18.56437397003174
Opt.step: 1.3536560535430908
Forward: 7.56805419921875
Backward: 19.86479926109314
Opt.step: 1.4424848556518555
Forward: 7.508591890335083
Backward: 17.713831663131714
Opt.step: 1.3106391429901123
Forward: 7.177504777908325
Backward: 19.176671504974365
Opt.step: 1.244847059249878
Forward: 7.349164962768555
Backward: 18.833130359649658
Opt.step: 1.3278510570526123
Forward: 7.319438934326172
Backward: 18.654736757278442
Opt.step: 1.3673148155212402
Forward: 7.182191848754883
Backward: 19.81003761291504
Opt.step: 1.2962007522583008
Forward: 7.434233665466309
Backward: 18.640607118606567
Opt.step: 1.3185935020446777
Forward: 7.398419141769409
Backward: 19.529704332351685
Opt.step: 1.3462669849395752
Forward: 7.398727178573608
Backward: 19.834176540374756
Opt.step: 1.3552978038787842
Forward: 7.555800914764404
Backward: 19.57115912437439
Opt.step: 1.3497729301452637
Forward: 7.445555210113525
Backward: 19.437058687210083
Opt.step: 1.3218250274658203
Forward: 7.585615873336792
Backward: 19.539485692977905
Opt.step: 1.3657817840576172
Forward: 7.493961334228516
Backward: 19.473795890808105
Opt.step: 1.2668969631195068
Forward: 7.300582647323608
Backward: 19.37954354286194
Opt.step: 1.3989946842193604
Forward: 7.262188196182251
Backward: 19.15173101425171
Opt.step: 1.3111395835876465
Forward: 7.5831286907196045
Backward: 19.593620777130127
Opt.step: 1.3260748386383057
Forward: 7.574678182601929
Backward: 19.33612871170044
Opt.step: 1.3674821853637695
Forward: 7.558565378189087
Backward: 18.84634232521057
Opt.step: 1.1750035285949707
Forward: 7.559085369110107
Backward: 18.794328451156616
Opt.step: 1.2686493396759033
Forward: 7.330920457839966
Backward: 19.46359157562256
Opt.step: 1.359290599822998
Forward: 7.314670085906982
Backward: 19.457871675491333
Opt.step: 1.3725430965423584
Forward: 7.440528869628906
Backward: 19.54259443283081
Opt.step: 1.3507781028747559
Forward: 7.582885980606079
Backward: 19.608108520507812
Opt.step: 1.3054704666137695
Forward: 7.521035194396973
Backward: 19.75928282737732
Opt.step: 1.3557524681091309
Forward: 7.6208178997039795
Backward: 19.392449140548706
Opt.step: 1.3395819664001465
Forward: 7.556396961212158
Backward: 19.203729152679443
Opt.step: 1.2942306995391846
Forward: 7.278831243515015
Backward: 19.28651452064514
Opt.step: 1.2927305698394775
Forward: 7.373171806335449
Backward: 19.064860582351685
Opt.step: 1.301342248916626
Forward: 7.545579433441162
Backward: 19.71499800682068
Opt.step: 1.3086535930633545
Forward: 7.593120336532593
Backward: 19.613887310028076
Opt.step: 1.3325026035308838
Forward: 7.543213844299316
Backward: 19.520509004592896
Opt.step: 1.3353567123413086
Forward: 7.554516792297363
Backward: 19.574435234069824
Opt.step: 1.2851710319519043
Forward: 7.276225328445435
Backward: 19.463841199874878
Opt.step: 1.3967432975769043
Forward: 7.583125591278076
Backward: 19.286353588104248
Opt.step: 1.2932970523834229
Forward: 7.4918811321258545
Backward: 19.46050190925598
Opt.step: 1.4596552848815918
Forward: 7.527455806732178
Backward: 19.886253595352173
Opt.step: 1.4008827209472656
Forward: 7.670032978057861
Backward: 19.990795850753784
Opt.step: 1.3712563514709473
Forward: 7.555773735046387
Backward: 20.218308925628662
Opt.step: 1.2905473709106445
Forward: 7.480341911315918
Backward: 19.8680899143219
Opt.step: 1.339350700378418
Forward: 7.568273067474365
Backward: 19.902498245239258
Opt.step: 1.3959388732910156
Forward: 7.458022832870483
Backward: 19.79003071784973
Opt.step: 1.3025376796722412
Forward: 7.370276689529419
Backward: 19.716087341308594
Opt.step: 1.321242332458496
Forward: 7.544992923736572
Backward: 19.786481857299805
Opt.step: 1.3516309261322021
Forward: 7.577656507492065
Backward: 19.886359930038452
Opt.step: 1.3900337219238281
Forward: 7.591707944869995
Backward: 19.829468250274658
Opt.step: 1.3705520629882812
Forward: 7.596965074539185
Backward: 20.17168426513672
Opt.step: 1.380115270614624
Forward: 7.467055082321167
Backward: 19.813841581344604
Opt.step: 1.4375176429748535
Forward: 7.590167999267578
Backward: 19.73432755470276
Opt.step: 1.32895827293396
Forward: 7.429706811904907
Backward: 20.073873281478882
Opt.step: 1.3225140571594238
Forward: 7.487211465835571
Backward: 19.673123359680176
Opt.step: 1.3487777709960938
Forward: 7.655128002166748
Backward: 18.282323837280273
Opt.step: 1.0013196468353271
Forward: 6.441317796707153
Backward: 16.030215740203857
Opt.step: 0.9956238269805908
Forward: 6.962560653686523
Backward: 15.850881814956665
Opt.step: 0.9853343963623047
Forward: 6.339601278305054
Backward: 15.897466897964478
Opt.step: 0.9882352352142334
Forward: 6.341747999191284
Backward: 15.843832015991211
Opt.step: 1.0050044059753418
Forward: 6.32713508605957
Backward: 15.945025444030762
Opt.step: 0.993995189666748
Forward: 6.364007472991943
Backward: 15.991697788238525
Opt.step: 0.9971036911010742
Forward: 6.271955728530884
Backward: 15.992718696594238
Opt.step: 0.9873054027557373
Forward: 6.338894605636597
Backward: 15.91364312171936
Opt.step: 0.9819207191467285
Forward: 6.3608927726745605
Backward: 15.986218452453613
Opt.step: 0.9884293079376221
Forward: 6.3039045333862305
Backward: 15.925962686538696
Opt.step: 1.0150120258331299
Forward: 6.359381914138794
Backward: 15.909329414367676
Opt.step: 0.990041971206665
Forward: 6.2995829582214355
Backward: 15.879045486450195
Opt.step: 0.9918434619903564
Forward: 6.340092658996582
Backward: 16.48265838623047
Opt.step: 0.9899742603302002
Forward: 6.676537990570068
Backward: 18.19785165786743
Opt.step: 1.024890661239624
Forward: 6.698039293289185
Backward: 16.59431028366089
Opt.step: 1.7059698104858398
Forward: 6.364932298660278
Backward: 16.55810523033142
Opt.step: 1.0092895030975342
Forward: 6.3705995082855225
Backward: 16.254570245742798
Opt.step: 1.0132572650909424
Forward: 6.428120136260986
Backward: 15.991595029830933
Opt.step: 1.0115458965301514
Forward: 6.405372858047485
Backward: 16.08835506439209
Opt.step: 1.0050666332244873
Forward: 6.390038728713989
Backward: 16.10708713531494
Opt.step: 1.0172948837280273
Forward: 7.687182426452637
Backward: 16.177722215652466
Opt.step: 1.0535025596618652
Forward: 6.606626510620117
Backward: 16.375420331954956
Opt.step: 1.1885347366333008
Forward: 6.589386701583862
Backward: 16.815366983413696
Opt.step: 1.015899896621704
Forward: 6.357028007507324
Backward: 16.113783836364746
Opt.step: 1.008988857269287
Forward: 6.395348310470581
Backward: 16.210958242416382
Opt.step: 1.0146260261535645
Forward: 6.547351360321045
Backward: 16.916480541229248
Opt.step: 1.025650978088379
Forward: 6.535377264022827
Backward: 16.66536021232605
Opt.step: 1.1933252811431885
Forward: 6.449826240539551
Backward: 16.61301898956299
Opt.step: 1.0068917274475098
Forward: 6.417896509170532
Backward: 16.39097309112549
Opt.step: 1.013859748840332
Forward: 6.414814710617065
Backward: 16.271647930145264
Opt.step: 1.0054137706756592
Forward: 6.436022043228149
Backward: 16.191118001937866
Opt.step: 1.0077168941497803
Forward: 6.400202989578247
Backward: 16.83212947845459
Opt.step: 1.2022712230682373
Forward: 6.936758995056152
Backward: 16.323864221572876
Opt.step: 1.1722221374511719
Forward: 6.326268196105957
Backward: 16.326258182525635
Opt.step: 0.9898147583007812
Forward: 6.665519952774048
Backward: 16.575738430023193
Opt.step: 1.0162334442138672
Forward: 6.453486442565918
Backward: 16.06988549232483
Opt.step: 1.037015438079834
Forward: 6.3682146072387695
Backward: 16.275684595108032
Opt.step: 1.0060091018676758
Forward: 7.072882175445557
Backward: 16.827670574188232
Opt.step: 1.1925456523895264
Forward: 6.5981605052948
Backward: 16.654482126235962
Opt.step: 1.0259814262390137
Forward: 6.446491956710815
Backward: 16.76958131790161
Opt.step: 1.0206077098846436
Forward: 6.720498085021973
Backward: 16.353533029556274
Opt.step: 1.005584716796875
Forward: 6.376806735992432
Backward: 16.176474809646606
Opt.step: 1.0219030380249023
Forward: 6.443443536758423
Backward: 16.02734875679016
Opt.step: 1.0092051029205322
Forward: 6.424866676330566
Backward: 18.16562271118164
Opt.step: 1.013847827911377
Forward: 6.436172246932983
Backward: 16.696714162826538
Opt.step: 1.1785273551940918
Forward: 6.601207971572876
Backward: 16.45935893058777
Opt.step: 0.9959611892700195
Forward: 6.32300066947937
Backward: 15.956452131271362
Opt.step: 0.9936842918395996
Forward: 6.360847234725952
Backward: 15.883127212524414
Opt.step: 0.9852607250213623
Forward: 6.232030868530273
Backward: 17.05973792076111
Opt.step: 1.2125544548034668
Forward: 6.497204780578613
Backward: 16.443037271499634
Opt.step: 0.995039701461792
Forward: 6.468604803085327
Backward: 15.957064151763916
Opt.step: 0.9882888793945312
Forward: 6.569981575012207
Backward: 16.444594144821167
Opt.step: 1.083362340927124
Forward: 6.441050052642822
Backward: 16.015974760055542
Opt.step: 1.0071938037872314
Forward: 6.3891565799713135
Backward: 16.111268997192383
Opt.step: 1.0021874904632568
Forward: 6.428793430328369
Backward: 16.23984980583191
Opt.step: 1.032409906387329
Forward: 6.443362236022949
Backward: 17.029637575149536
Opt.step: 1.0019621849060059
Forward: 6.353926420211792
Backward: 16.80390453338623
Opt.step: 1.174724817276001
Forward: 6.535924673080444
Backward: 16.412348747253418
Opt.step: 1.003387451171875
Forward: 6.6932289600372314
Backward: 16.11739206314087
Opt.step: 1.0179719924926758
Forward: 6.410977125167847
Backward: 16.18046498298645
Opt.step: 1.0037713050842285
Forward: 6.447832822799683
Backward: 17.69659924507141
Opt.step: 0.9884819984436035
Forward: 6.471098899841309
Backward: 16.288330793380737
Opt.step: 1.1809186935424805
Forward: 6.662561416625977
Backward: 16.547102212905884
Opt.step: 1.1920065879821777
Forward: 6.468734264373779
Backward: 16.539496421813965
Opt.step: 1.0364811420440674
Forward: 6.396477222442627
Backward: 16.12363600730896
Opt.step: 1.0149834156036377
Forward: 6.459640264511108
Backward: 16.08038067817688
Opt.step: 1.0049922466278076
Forward: 6.407554388046265
Backward: 16.355263471603394
Opt.step: 1.2425336837768555
Forward: 6.863708019256592
Backward: 16.2832248210907
Opt.step: 1.1796693801879883
Forward: 1.9184391498565674
Backward: 5.33233118057251
Opt.step: 1.0086634159088135
Epoch 12: Validation Loss = 2.790148973464966
Epoch 12: {'bleu': 18.551910883075795}
Saved checkpoint to ./workdir_vocab10000_lr0.001_embd256/checkpoint_epoch12.npz
Forward: 6.136006832122803
Backward: 16.083778142929077
Opt.step: 1.1475999355316162
Forward: 6.564280033111572
Backward: 16.50481939315796
Opt.step: 0.9832813739776611
Forward: 5.9796528816223145
Backward: 15.312054634094238
Opt.step: 0.9873926639556885
Forward: 6.489748954772949
Backward: 15.501345157623291
Opt.step: 1.135340929031372
Forward: 5.859292268753052
Backward: 14.83656644821167
Opt.step: 0.9949686527252197
Forward: 5.946198225021362
Backward: 15.467833995819092
Opt.step: 0.9833064079284668
Forward: 6.07352089881897
Backward: 15.152984142303467
Opt.step: 0.9812102317810059
Forward: 6.072500467300415
Backward: 16.14382815361023
Opt.step: 0.9991171360015869
Forward: 6.361076831817627
Backward: 15.811460971832275
Opt.step: 1.0803823471069336
Forward: 6.186424255371094
Backward: 14.568803548812866
Opt.step: 1.010343313217163
Forward: 6.515275716781616
Backward: 15.235100269317627
Opt.step: 1.1648218631744385
Forward: 6.145644664764404
Backward: 14.137226819992065
Opt.step: 0.9917545318603516
Forward: 6.05737042427063
Backward: 14.369088649749756
Opt.step: 1.0031826496124268
Forward: 6.300292730331421
Backward: 15.236430406570435
Opt.step: 0.9958822727203369
Forward: 6.389736175537109
Backward: 15.064452648162842
Opt.step: 1.003279447555542
Forward: 6.396866798400879
Backward: 14.565667390823364
Opt.step: 1.0073764324188232
Forward: 6.2128283977508545
Backward: 14.381865501403809
Opt.step: 1.003699779510498
Forward: 6.112461566925049
Backward: 14.737766742706299
Opt.step: 0.998098611831665
Forward: 6.064294338226318
Backward: 14.070897340774536
Opt.step: 1.0011303424835205
Forward: 6.103447437286377
Backward: 15.246781349182129
Opt.step: 0.9938280582427979
Forward: 6.353161573410034
Backward: 14.800018548965454
Opt.step: 1.0021905899047852
Forward: 6.52407693862915
Backward: 15.71284794807434
Opt.step: 0.9940721988677979
Forward: 6.662750244140625
Backward: 15.945815086364746
Opt.step: 1.1141490936279297
Forward: 6.213889122009277
Backward: 15.991163730621338
Opt.step: 0.9988329410552979
Forward: 6.58172082901001
Backward: 14.695174217224121
Opt.step: 0.9970839023590088
Forward: 6.087190628051758
Backward: 16.281249523162842
Opt.step: 0.9979150295257568
Forward: 6.616170644760132
Backward: 14.803773880004883
Opt.step: 1.1073062419891357
Forward: 6.725984573364258
Backward: 16.704137325286865
Opt.step: 1.0145301818847656
Forward: 6.183608531951904
Backward: 15.619401216506958
Opt.step: 0.9974963665008545
Forward: 6.268480539321899
Backward: 15.329647779464722
Opt.step: 0.9895806312561035
Forward: 6.3703694343566895
Backward: 15.808907747268677
Opt.step: 0.9911329746246338
Forward: 6.310755014419556
Backward: 15.218538761138916
Opt.step: 0.9921996593475342
Forward: 6.459582805633545
Backward: 16.049969911575317
Opt.step: 1.0488519668579102
Forward: 6.738195180892944
Backward: 16.02210831642151
Opt.step: 1.1299567222595215
Forward: 6.439871072769165
Backward: 16.68543815612793
Opt.step: 0.9958786964416504
Forward: 6.378263473510742
Backward: 15.589233875274658
Opt.step: 1.0017273426055908
Forward: 6.201469659805298
Backward: 15.890804767608643
Opt.step: 1.0025482177734375
Forward: 6.352489471435547
Backward: 15.546821117401123
Opt.step: 0.9928064346313477
Forward: 6.871751546859741
Backward: 16.327728748321533
Opt.step: 1.0044984817504883
Forward: 6.775127410888672
Backward: 16.45391607284546
Opt.step: 1.0053000450134277
Forward: 6.259801626205444
Backward: 16.148885488510132
Opt.step: 1.0189168453216553
Forward: 6.343539476394653
Backward: 15.946850299835205
Opt.step: 0.9963841438293457
Forward: 6.535074949264526
Backward: 15.940256834030151
Opt.step: 1.0043630599975586
Forward: 6.216733694076538
Backward: 15.954198837280273
Opt.step: 1.0664658546447754
Forward: 6.678618907928467
Backward: 16.167664766311646
Opt.step: 1.2694666385650635
Forward: 6.396443605422974
Backward: 16.835415840148926
Opt.step: 1.0026938915252686
Forward: 6.462424039840698
Backward: 16.570547103881836
Opt.step: 1.0086395740509033
Forward: 6.520655870437622
Backward: 16.207144021987915
Opt.step: 0.9916749000549316
Forward: 6.301033973693848
Backward: 15.945240497589111
Opt.step: 1.001682996749878
Forward: 6.42140531539917
Backward: 15.789569854736328
Opt.step: 1.089378833770752
Forward: 6.314497947692871
Backward: 15.626729488372803
Opt.step: 0.9773762226104736
Forward: 6.258314609527588
Backward: 15.674743175506592
Opt.step: 0.9968204498291016
Forward: 6.283279657363892
Backward: 15.639920234680176
Opt.step: 0.982588529586792
Forward: 6.1778576374053955
Backward: 15.803497314453125
Opt.step: 0.9755668640136719
Forward: 6.423344135284424
Backward: 15.734504222869873
Opt.step: 0.9801719188690186
Forward: 6.2751665115356445
Backward: 15.782406330108643
Opt.step: 0.971165657043457
Forward: 6.235599040985107
Backward: 15.739052295684814
Opt.step: 0.993401050567627
Forward: 6.280829906463623
Backward: 15.952295541763306
Opt.step: 0.9808359146118164
Forward: 6.458759069442749
Backward: 16.57446837425232
Opt.step: 1.0111298561096191
Forward: 6.371694803237915
Backward: 16.043946266174316
Opt.step: 0.9890215396881104
Forward: 6.321732997894287
Backward: 16.206867694854736
Opt.step: 1.0226666927337646
Forward: 6.300594329833984
Backward: 16.899616241455078
Opt.step: 1.0083301067352295
Forward: 6.609925985336304
Backward: 16.861922025680542
Opt.step: 1.0221922397613525
Forward: 6.51082706451416
Backward: 16.130828142166138
Opt.step: 0.9864037036895752
Forward: 6.371597051620483
Backward: 16.047937631607056
Opt.step: 0.9979722499847412
Forward: 6.3350441455841064
Backward: 16.099838256835938
Opt.step: 0.9918198585510254
Forward: 6.3566505908966064
Backward: 17.065033435821533
Opt.step: 1.0331196784973145
Forward: 6.6442553997039795
Backward: 16.93047022819519
Opt.step: 1.0263135433197021
Forward: 6.536324501037598
Backward: 16.182253122329712
Opt.step: 0.9968862533569336
Forward: 6.390625476837158
Backward: 16.13781714439392
Opt.step: 0.9903726577758789
Forward: 6.356791973114014
Backward: 16.39107084274292
Opt.step: 0.9943549633026123
Forward: 6.53955864906311
Backward: 16.858014583587646
Opt.step: 1.0213534832000732
Forward: 6.514202833175659
Backward: 16.895840406417847
Opt.step: 1.0397281646728516
Forward: 6.4834206104278564
Backward: 16.02634310722351
Opt.step: 0.9919910430908203
Forward: 6.311435699462891
Backward: 16.201258659362793
Opt.step: 0.9950308799743652
Forward: 6.376272439956665
Backward: 16.38610553741455
Opt.step: 1.019202709197998
Forward: 6.486548662185669
Backward: 17.030367374420166
Opt.step: 1.0259931087493896
Forward: 6.595516920089722
Backward: 16.618481636047363
Opt.step: 0.9932041168212891
Forward: 6.348526477813721
Backward: 16.21006965637207
Opt.step: 1.0094869136810303
Forward: 6.34103798866272
Backward: 16.12657070159912
Opt.step: 0.9947242736816406
Forward: 6.363109588623047
Backward: 16.84791374206543
Opt.step: 1.012549638748169
Forward: 6.485416412353516
Backward: 16.887134075164795
Opt.step: 1.0161464214324951
Forward: 6.574537038803101
Backward: 16.082672357559204
Opt.step: 1.0142226219177246
Forward: 6.3350067138671875
Backward: 16.250972509384155
Opt.step: 0.9963304996490479
Forward: 6.318161964416504
Backward: 16.21282434463501
Opt.step: 1.019019365310669
Forward: 6.4986631870269775
Backward: 16.881426334381104
Opt.step: 1.0369365215301514
Forward: 6.620345115661621
Backward: 16.65042996406555
Opt.step: 1.0456879138946533
Forward: 6.372985363006592
Backward: 15.994658708572388
Opt.step: 0.9841132164001465
Forward: 6.30849552154541
Backward: 16.214115619659424
Opt.step: 0.9957671165466309
Forward: 6.256040573120117
Backward: 16.846835374832153
Opt.step: 1.013878345489502
Forward: 6.60188627243042
Backward: 16.334048748016357
Opt.step: 1.0282845497131348
Forward: 6.387579441070557
Backward: 16.113017797470093
Opt.step: 0.9930083751678467
Forward: 6.356582880020142
Backward: 15.591113567352295
Opt.step: 0.9963235855102539
Forward: 6.271569728851318
Backward: 16.069201707839966
Opt.step: 1.0107402801513672
Forward: 6.439552068710327
Backward: 16.90917205810547
Opt.step: 1.014336109161377
Forward: 6.62816047668457
Backward: 16.814445734024048
Opt.step: 1.0057828426361084
Forward: 6.436417579650879
Backward: 16.204211950302124
Opt.step: 1.0040388107299805
Forward: 6.368754625320435
Backward: 16.20391845703125
Opt.step: 1.0054328441619873
Forward: 6.345453500747681
Backward: 16.87638831138611
Opt.step: 1.0140514373779297
Forward: 6.571710109710693
Backward: 16.95537805557251
Opt.step: 1.0212910175323486
Forward: 6.568305015563965
Backward: 16.126485586166382
Opt.step: 0.9869897365570068
Forward: 6.304191589355469
Backward: 16.079636335372925
Opt.step: 0.9966311454772949
Forward: 6.419508457183838
Backward: 16.379218816757202
Opt.step: 1.0142028331756592
Forward: 6.569744110107422
Backward: 16.952600479125977
Opt.step: 1.0187125205993652
Forward: 6.532341957092285
Backward: 16.919824361801147
Opt.step: 0.9894628524780273
Forward: 6.399878263473511
Backward: 16.14462947845459
Opt.step: 0.9993410110473633
Forward: 6.297053337097168
Backward: 16.42745041847229
Opt.step: 1.010664701461792
Forward: 6.388647556304932
Backward: 16.78006410598755
Opt.step: 1.01381516456604
Forward: 6.493039846420288
Backward: 16.956892490386963
Opt.step: 1.0277438163757324
Forward: 6.614142656326294
Backward: 16.03469443321228
Opt.step: 0.9897119998931885
Forward: 6.354091167449951
Backward: 16.234419345855713
Opt.step: 0.9974632263183594
Forward: 6.364259719848633
Backward: 16.774542331695557
Opt.step: 1.012345314025879
Forward: 6.55753493309021
Backward: 16.977291345596313
Opt.step: 1.0055830478668213
Forward: 6.509817361831665
Backward: 16.172467470169067
Opt.step: 1.0004262924194336
Forward: 6.354994773864746
Backward: 16.27986478805542
Opt.step: 0.9959084987640381
Forward: 6.381772041320801
Backward: 16.174477100372314
Opt.step: 1.0088310241699219
Forward: 6.472565650939941
Backward: 17.022289991378784
Opt.step: 1.021125078201294
Forward: 6.623322486877441
Backward: 16.736744165420532
Opt.step: 0.9860513210296631
Forward: 6.319159030914307
Backward: 16.261606693267822
Opt.step: 1.1775062084197998
Forward: 6.365872859954834
Backward: 16.11383628845215
Opt.step: 1.0072805881500244
Forward: 6.541268825531006
Backward: 16.92627453804016
Opt.step: 1.0189690589904785
Forward: 6.571262836456299
Backward: 16.832810401916504
Opt.step: 1.003627061843872
Forward: 6.3979997634887695
Backward: 16.12057638168335
Opt.step: 1.0082118511199951
Forward: 6.296468257904053
Backward: 16.13136649131775
Opt.step: 0.996518611907959
Forward: 6.374433517456055
Backward: 16.847766876220703
Opt.step: 1.0166971683502197
Forward: 6.620847702026367
Backward: 16.906533241271973
Opt.step: 1.0228924751281738
Forward: 6.571732997894287
Backward: 16.160303592681885
Opt.step: 1.0093309879302979
Forward: 6.369049310684204
Backward: 16.128504753112793
Opt.step: 0.9948058128356934
Forward: 6.307104825973511
Backward: 16.922816276550293
Opt.step: 1.0300328731536865
Forward: 6.613009214401245
Backward: 16.892801523208618
Opt.step: 1.0085830688476562
Forward: 6.472461462020874
Backward: 16.16740345954895
Opt.step: 0.9885573387145996
Forward: 6.349732398986816
Backward: 16.04735827445984
Opt.step: 0.9914028644561768
Forward: 6.370034694671631
Backward: 16.863699436187744
Opt.step: 1.0204949378967285
Forward: 6.518759489059448
Backward: 16.893808126449585
Opt.step: 1.0301129817962646
Forward: 6.570837497711182
Backward: 16.380863666534424
Opt.step: 0.9965033531188965
Forward: 6.5387372970581055
Backward: 16.17291235923767
Opt.step: 1.0170035362243652
Forward: 6.409856081008911
Backward: 16.217100620269775
Opt.step: 0.9818887710571289
Forward: 6.325989723205566
Backward: 15.898353576660156
Opt.step: 0.988335132598877
Forward: 6.26396918296814
Backward: 16.02774429321289
Opt.step: 1.0020318031311035
Forward: 6.346789360046387
Backward: 15.795860290527344
Opt.step: 0.9876148700714111
Forward: 6.2170398235321045
Backward: 16.088309288024902
Opt.step: 1.0221450328826904
Forward: 6.353142499923706
Backward: 15.893735647201538
Opt.step: 0.9809749126434326
Forward: 6.276629447937012
Backward: 15.900598526000977
Opt.step: 0.990772008895874
Forward: 6.292894601821899
Backward: 15.917033433914185
Opt.step: 0.9972517490386963
Forward: 6.341083526611328
Backward: 16.059056043624878
Opt.step: 0.9950368404388428
Forward: 6.267915487289429
Backward: 16.003026962280273
Opt.step: 0.9875807762145996
Forward: 6.302589654922485
Backward: 16.060533046722412
Opt.step: 0.9901256561279297
Forward: 6.393651008605957
Backward: 16.06570529937744
Opt.step: 1.002711534500122
Forward: 6.2681357860565186
Backward: 16.1781063079834
Opt.step: 0.9993376731872559
Forward: 6.5011444091796875
Backward: 16.797617197036743
Opt.step: 1.0140516757965088
Forward: 6.5311901569366455
Backward: 16.889516830444336
Opt.step: 1.0513124465942383
Forward: 6.7757568359375
Backward: 16.51125192642212
Opt.step: 1.0138463973999023
Forward: 6.470560550689697
Backward: 16.154496669769287
Opt.step: 0.9908034801483154
Forward: 6.3331825733184814
Backward: 16.100364923477173
Opt.step: 0.9912960529327393
Forward: 6.363946914672852
Backward: 16.3303279876709
Opt.step: 1.0050461292266846
Forward: 6.348217248916626
Backward: 17.018391609191895
Opt.step: 1.0218174457550049
Forward: 2.0133066177368164
Backward: 4.956483364105225
Opt.step: 1.0272207260131836
Epoch 13: Validation Loss = 2.7419838905334473
Epoch 13: {'bleu': 17.5811529404216}
Saved checkpoint to ./workdir_vocab10000_lr0.001_embd256/checkpoint_epoch13.npz
Forward: 5.910687208175659
Backward: 15.771241664886475
Opt.step: 1.0195691585540771
Forward: 6.685015916824341
Backward: 16.455440998077393
Opt.step: 1.0092096328735352
Forward: 6.196105480194092
Backward: 15.627465963363647
Opt.step: 0.9857535362243652
Forward: 6.029480934143066
Backward: 15.643548727035522
Opt.step: 0.9909627437591553
Forward: 5.956195116043091
Backward: 16.00784659385681
Opt.step: 1.0097134113311768
Forward: 6.320468902587891
Backward: 15.723726987838745
Opt.step: 1.013124942779541
Forward: 6.106956243515015
Backward: 16.4726984500885
Opt.step: 0.9905469417572021
Forward: 6.10901141166687
Backward: 14.955870866775513
Opt.step: 0.9926886558532715
Forward: 6.065713167190552
Backward: 15.542725324630737
Opt.step: 1.0011136531829834
Forward: 6.115038633346558
Backward: 15.672988891601562
Opt.step: 1.0171804428100586
Forward: 6.184410810470581
Backward: 15.614001512527466
Opt.step: 1.0168180465698242
Forward: 6.331881999969482
Backward: 14.356705904006958
Opt.step: 0.9916577339172363
Forward: 6.08898401260376
Backward: 14.328307867050171
Opt.step: 1.0005810260772705
Forward: 6.1208014488220215
Backward: 14.256575345993042
Opt.step: 1.0049664974212646
Forward: 6.210906505584717
Backward: 14.84199333190918
Opt.step: 1.022481918334961
Forward: 6.243013620376587
Backward: 15.454379320144653
Opt.step: 1.0262455940246582
Forward: 6.376858472824097
Backward: 14.248059034347534
Opt.step: 0.9993548393249512
Forward: 5.996560335159302
Backward: 14.974671602249146
Opt.step: 1.0026648044586182
Forward: 6.153842210769653
Backward: 14.350488185882568
Opt.step: 1.0173134803771973
Forward: 6.26242995262146
Backward: 15.69105315208435
Opt.step: 1.0148262977600098
Forward: 6.436320781707764
Backward: 15.242225408554077
Opt.step: 0.9963724613189697
Forward: 6.208451271057129
Backward: 14.8470938205719
Opt.step: 0.9940240383148193
Forward: 6.105953931808472
Backward: 14.494930267333984
Opt.step: 0.9980616569519043
Forward: 6.106253385543823
Backward: 15.761317491531372
Opt.step: 1.0187585353851318
Forward: 6.408181428909302
Backward: 15.68845796585083
Opt.step: 1.0135843753814697
Forward: 6.318647146224976
Backward: 16.314669370651245
Opt.step: 1.0057477951049805
Forward: 6.3774800300598145
Backward: 15.707534551620483
Opt.step: 1.0065183639526367
Forward: 6.2169647216796875
Backward: 16.892178535461426
Opt.step: 1.024761438369751
Forward: 6.6183693408966064
Backward: 16.41566824913025
Opt.step: 1.0240371227264404
Forward: 6.409660339355469
Backward: 16.296555280685425
Opt.step: 0.9979071617126465
Forward: 6.398545980453491
Backward: 14.350743532180786
Opt.step: 1.0120019912719727
Forward: 6.17911958694458
Backward: 16.269198656082153
Opt.step: 1.0018494129180908
Forward: 6.283609867095947
Backward: 14.41234302520752
Opt.step: 0.9930813312530518
Forward: 6.130539417266846
Backward: 16.013049840927124
Opt.step: 1.0133757591247559
Forward: 6.3034327030181885
Backward: 14.658537864685059
Opt.step: 1.0149741172790527
Forward: 6.155398845672607
Backward: 15.994760036468506
Opt.step: 1.0021004676818848
Forward: 6.350519180297852
Backward: 15.959241390228271
Opt.step: 0.9981646537780762
Forward: 6.288071155548096
Backward: 15.957948684692383
Opt.step: 1.0011985301971436
Forward: 6.3688671588897705
Backward: 15.962146043777466
Opt.step: 0.9948039054870605
Forward: 6.402419567108154
Backward: 15.999043703079224
Opt.step: 0.9975872039794922
Forward: 6.2909605503082275
Backward: 16.09769606590271
Opt.step: 1.021838665008545
Forward: 6.390403747558594
Backward: 16.154679536819458
Opt.step: 0.9946105480194092
Forward: 6.325554370880127
Backward: 16.186465978622437
Opt.step: 1.031484842300415
Forward: 6.563233852386475
Backward: 17.06434679031372
Opt.step: 1.035581350326538
Forward: 6.61184024810791
Backward: 16.948474884033203
Opt.step: 1.0373895168304443
Forward: 6.574665546417236
Backward: 16.742440462112427
Opt.step: 1.0180079936981201
Forward: 6.533471584320068
Backward: 15.524766683578491
Opt.step: 1.0359339714050293
Forward: 6.344401121139526
Backward: 16.809948444366455
Opt.step: 1.0158772468566895
Forward: 6.418900012969971
Backward: 15.987782955169678
Opt.step: 1.0022075176239014
Forward: 6.4435296058654785
Backward: 16.887619256973267
Opt.step: 1.0343399047851562
Forward: 6.560636281967163
Backward: 16.395194053649902
Opt.step: 1.016963243484497
Forward: 6.527897357940674
Backward: 16.206583499908447
Opt.step: 0.9987449645996094
Forward: 6.369046449661255
Backward: 16.37372875213623
Opt.step: 1.0056324005126953
Forward: 6.403568506240845
Backward: 16.153799057006836
Opt.step: 1.0316333770751953
Forward: 6.551183223724365
Backward: 17.001619338989258
Opt.step: 1.029858112335205
Forward: 6.609387636184692
Backward: 16.941611766815186
Opt.step: 1.0360240936279297
Forward: 6.343453645706177
Backward: 16.154348134994507
Opt.step: 1.0179522037506104
Forward: 6.361446380615234
Backward: 16.30989098548889
Opt.step: 0.99928879737854
Forward: 6.426765203475952
Backward: 16.706085920333862
Opt.step: 1.03011155128479
Forward: 6.523252010345459
Backward: 17.066227674484253
Opt.step: 1.0269060134887695
Forward: 6.642351150512695
Backward: 16.668127059936523
Opt.step: 1.0102760791778564
Forward: 6.400967836380005
Backward: 16.27851939201355
Opt.step: 1.0080161094665527
Forward: 6.388914346694946
Backward: 16.26651692390442
Opt.step: 0.997645378112793
Forward: 6.428936004638672
Backward: 17.033151626586914
Opt.step: 1.2078893184661865
Forward: 6.496330499649048
Backward: 17.16212821006775
Opt.step: 1.0391216278076172
Forward: 6.612058877944946
Backward: 16.281020164489746
Opt.step: 1.0018868446350098
Forward: 6.356935501098633
Backward: 16.248546361923218
Opt.step: 1.0023534297943115
Forward: 6.3530662059783936
Backward: 16.203352689743042
Opt.step: 1.0046873092651367
Forward: 6.5629167556762695
Backward: 16.421891927719116
Opt.step: 1.0197088718414307
Forward: 6.511225938796997
Backward: 16.957063674926758
Opt.step: 1.0221974849700928
Forward: 6.562944412231445
Backward: 15.841922283172607
Opt.step: 1.024418592453003
Forward: 6.201642036437988
Backward: 16.45992088317871
Opt.step: 1.010183334350586
Forward: 6.398688793182373
Backward: 16.285771131515503
Opt.step: 1.0159263610839844
Forward: 6.466620683670044
Backward: 17.19308352470398
Opt.step: 1.01939058303833
Forward: 6.618893623352051
Backward: 16.143970012664795
Opt.step: 1.0007820129394531
Forward: 6.228047847747803
Backward: 16.219974279403687
Opt.step: 1.0206184387207031
Forward: 6.358438491821289
Backward: 15.759973287582397
Opt.step: 1.0032577514648438
Forward: 6.317359924316406
Backward: 16.891201496124268
Opt.step: 1.0160634517669678
Forward: 6.433913469314575
Backward: 16.40197992324829
Opt.step: 1.0259394645690918
Forward: 6.463898658752441
Backward: 15.756617069244385
Opt.step: 0.9996426105499268
Forward: 6.487712860107422
Backward: 14.973552942276001
Opt.step: 0.9942312240600586
Forward: 6.21632719039917
Backward: 15.603103637695312
Opt.step: 1.0226824283599854
Forward: 6.510929584503174
Backward: 15.526582956314087
Opt.step: 1.0222938060760498
Forward: 6.413593292236328
Backward: 16.375971794128418
Opt.step: 1.0669827461242676
Forward: 6.449330568313599
Backward: 15.872947692871094
Opt.step: 0.9992222785949707
Forward: 6.279983282089233
Backward: 16.283746242523193
Opt.step: 1.0001015663146973
Forward: 6.357322931289673
Backward: 15.57925009727478
Opt.step: 1.0169811248779297
Forward: 6.455921173095703
Backward: 17.04176688194275
Opt.step: 1.0230450630187988
Forward: 6.547459125518799
Backward: 16.00096368789673
Opt.step: 1.001117467880249
Forward: 6.304569721221924
Backward: 16.290498971939087
Opt.step: 1.0126399993896484
Forward: 6.382715225219727
Backward: 15.71267032623291
Opt.step: 1.0004539489746094
Forward: 6.300241947174072
Backward: 17.031332969665527
Opt.step: 1.0255489349365234
Forward: 6.665505647659302
Backward: 16.298490047454834
Opt.step: 1.0134310722351074
Forward: 6.4821937084198
Backward: 16.255779266357422
Opt.step: 1.0131666660308838
Forward: 6.40118145942688
Backward: 16.293716192245483
Opt.step: 1.0070466995239258
Forward: 6.412121295928955
Backward: 17.03453540802002
Opt.step: 1.0303690433502197
Forward: 6.781943321228027
Backward: 16.960418224334717
Opt.step: 1.0191657543182373
Forward: 6.611631870269775
Backward: 16.47672176361084
Opt.step: 0.9948897361755371
Forward: 6.332014083862305
Backward: 16.402012825012207
Opt.step: 1.037391185760498
Forward: 6.4171693325042725
Backward: 16.498793363571167
Opt.step: 1.0204079151153564
Forward: 6.538513422012329
Backward: 17.030482292175293
Opt.step: 1.0270020961761475
Forward: 6.59810996055603
Backward: 16.98308801651001
Opt.step: 1.004401683807373
Forward: 6.385418653488159
Backward: 16.283103227615356
Opt.step: 1.0183651447296143
Forward: 6.365347623825073
Backward: 16.372770309448242
Opt.step: 1.0119519233703613
Forward: 6.435922384262085
Backward: 16.943687438964844
Opt.step: 1.052128553390503
Forward: 6.572428941726685
Backward: 17.02631711959839
Opt.step: 1.0170886516571045
Forward: 6.614836931228638
Backward: 16.361899614334106
Opt.step: 0.9961555004119873
Forward: 6.367527961730957
Backward: 16.461600065231323
Opt.step: 1.0336430072784424
Forward: 6.368654727935791
Backward: 16.98333978652954
Opt.step: 1.0236904621124268
Forward: 6.524579048156738
Backward: 16.951889514923096
Opt.step: 1.022796630859375
Forward: 6.522996664047241
Backward: 16.267786741256714
Opt.step: 1.019775390625
Forward: 6.3959479331970215
Backward: 16.323657751083374
Opt.step: 0.9952223300933838
Forward: 6.343912839889526
Backward: 16.90117311477661
Opt.step: 1.0172955989837646
Forward: 6.560222148895264
Backward: 17.084496021270752
Opt.step: 1.0423693656921387
Forward: 6.600908279418945
Backward: 16.72899341583252
Opt.step: 0.9980180263519287
Forward: 6.3715856075286865
Backward: 16.041832447052002
Opt.step: 0.9933767318725586
Forward: 6.3346240520477295
Backward: 16.014164447784424
Opt.step: 0.9983410835266113
Forward: 6.280961036682129
Backward: 15.973641395568848
Opt.step: 1.003605842590332
Forward: 6.333215951919556
Backward: 15.962378025054932
Opt.step: 1.004777431488037
Forward: 6.322999477386475
Backward: 16.011737823486328
Opt.step: 0.9919095039367676
Forward: 6.285750865936279
Backward: 16.040246725082397
Opt.step: 1.0007097721099854
Forward: 6.372974157333374
Backward: 16.240315675735474
Opt.step: 0.9965329170227051
Forward: 6.31093168258667
Backward: 16.289283275604248
Opt.step: 1.0095889568328857
Forward: 6.401261568069458
Backward: 16.576534748077393
Opt.step: 1.0093395709991455
Forward: 6.450894117355347
Backward: 16.17907166481018
Opt.step: 0.9994254112243652
Forward: 6.3077099323272705
Backward: 16.417694568634033
Opt.step: 1.0074262619018555
Forward: 6.372602224349976
Backward: 16.212153673171997
Opt.step: 0.9993395805358887
Forward: 6.363659143447876
Backward: 16.421058416366577
Opt.step: 1.0235600471496582
Forward: 6.545667886734009
Backward: 17.27138113975525
Opt.step: 1.0329680442810059
Forward: 6.565564393997192
Backward: 17.05382990837097
Opt.step: 1.0229666233062744
Forward: 6.527796268463135
Backward: 16.76653528213501
Opt.step: 1.007080078125
Forward: 6.514643669128418
Backward: 16.304651498794556
Opt.step: 1.0141663551330566
Forward: 6.355443000793457
Backward: 16.33740472793579
Opt.step: 1.0038044452667236
Forward: 6.317757844924927
Backward: 16.61300230026245
Opt.step: 1.0020105838775635
Forward: 6.599934816360474
Backward: 16.898919343948364
Opt.step: 1.0235912799835205
Forward: 6.577924728393555
Backward: 17.017301082611084
Opt.step: 1.0380911827087402
Forward: 6.528831720352173
Backward: 16.323561668395996
Opt.step: 0.9965822696685791
Forward: 6.341849327087402
Backward: 16.363494634628296
Opt.step: 1.005401849746704
Forward: 6.383823871612549
Backward: 16.293569326400757
Opt.step: 1.0184266567230225
Forward: 6.588597297668457
Backward: 16.93389916419983
Opt.step: 1.025618076324463
Forward: 6.564195394515991
Backward: 17.019726514816284
Opt.step: 1.00693941116333
Forward: 6.374064683914185
Backward: 16.339208602905273
Opt.step: 0.9955804347991943
Forward: 6.320979595184326
Backward: 16.35982918739319
Opt.step: 1.0068457126617432
Forward: 6.431532382965088
Backward: 16.92845344543457
Opt.step: 1.0272221565246582
Forward: 6.595874786376953
Backward: 17.049533128738403
Opt.step: 1.2113070487976074
Forward: 6.544327735900879
Backward: 16.43598198890686
Opt.step: 0.9964771270751953
Forward: 6.387503147125244
Backward: 16.19740629196167
Opt.step: 1.015230655670166
Forward: 6.370613098144531
Backward: 16.37339210510254
Opt.step: 0.9970886707305908
Forward: 6.392826795578003
Backward: 16.982925415039062
Opt.step: 1.0349221229553223
Forward: 6.47861123085022
Backward: 16.652549505233765
Opt.step: 1.0000882148742676
Forward: 6.423758029937744
Backward: 15.925549268722534
Opt.step: 0.981025218963623
Forward: 6.257434368133545
Backward: 15.929926633834839
Opt.step: 0.9881396293640137
Forward: 6.210012435913086
Backward: 16.017021894454956
Opt.step: 1.0090587139129639
Forward: 6.480837821960449
Backward: 16.569642782211304
Opt.step: 1.0149190425872803
Forward: 6.442940711975098
Backward: 16.754451990127563
Opt.step: 1.0208039283752441
Forward: 6.359503746032715
Backward: 15.856928825378418
Opt.step: 0.9805874824523926
Forward: 1.9514997005462646
Backward: 4.770059585571289
Opt.step: 0.9746048450469971
Epoch 14: Validation Loss = 2.689683198928833
Epoch 14: {'bleu': 19.042433273127727}
Saved checkpoint to ./workdir_vocab10000_lr0.001_embd256/checkpoint_epoch14.npz
Forward: 5.960239887237549
Backward: 15.308905363082886
Opt.step: 1.0004515647888184
Forward: 6.547430515289307
Backward: 15.866586446762085
Opt.step: 0.9788751602172852
Forward: 5.81162691116333
Backward: 15.5955171585083
Opt.step: 0.980736494064331
Forward: 5.945196866989136
Backward: 15.581573486328125
Opt.step: 0.992485523223877
Forward: 6.007444381713867
Backward: 15.529285192489624
Opt.step: 1.0040788650512695
Forward: 6.408197402954102
Backward: 16.37455415725708
Opt.step: 1.0298964977264404
Forward: 6.350301265716553
Backward: 14.948976755142212
Opt.step: 0.9989845752716064
Forward: 6.094062566757202
Backward: 15.838531494140625
Opt.step: 1.0007431507110596
Forward: 5.8955278396606445
Backward: 14.079435348510742
Opt.step: 1.00168776512146
Forward: 6.050556898117065
Backward: 15.881475925445557
Opt.step: 1.0029785633087158
Forward: 5.936856508255005
Backward: 13.978743314743042
Opt.step: 0.9988081455230713
Forward: 6.112950563430786
Backward: 15.857222318649292
Opt.step: 1.0182418823242188
Forward: 5.943583965301514
Backward: 14.252040386199951
Opt.step: 0.9979817867279053
Forward: 6.162179231643677
Backward: 15.508861541748047
Opt.step: 1.0199668407440186
Forward: 5.868209362030029
Backward: 14.315784931182861
Opt.step: 0.9991950988769531
Forward: 6.175198793411255
Backward: 14.491871356964111
Opt.step: 1.0040500164031982
Forward: 6.067811012268066
Backward: 14.130716562271118
Opt.step: 1.003321647644043
Forward: 5.993972301483154
Backward: 14.375902652740479
Opt.step: 0.9982905387878418
Forward: 6.166040897369385
Backward: 15.064050197601318
Opt.step: 1.0028307437896729
Forward: 6.137134313583374
Backward: 14.242995023727417
Opt.step: 1.0038855075836182
Forward: 6.10822868347168
Backward: 14.968345165252686
Opt.step: 1.025777816772461
Forward: 6.287610769271851
Backward: 15.060909509658813
Opt.step: 1.0282762050628662
Forward: 6.257190704345703
Backward: 14.933921098709106
Opt.step: 1.1870231628417969
Forward: 6.204464673995972
Backward: 15.019013404846191
Opt.step: 1.0075013637542725
Forward: 6.102835416793823
Backward: 14.307057619094849
Opt.step: 1.023212194442749
Forward: 6.049132823944092
Backward: 14.585723638534546
Opt.step: 1.0023844242095947
Forward: 6.157481908798218
Backward: 14.20635437965393
Opt.step: 1.0146949291229248
Forward: 6.289905786514282
Backward: 15.160496473312378
Opt.step: 1.0238807201385498
Forward: 6.358994960784912
Backward: 15.055896520614624
Opt.step: 1.029674768447876
Forward: 6.339260101318359
Backward: 14.895317554473877
Opt.step: 1.0228252410888672
Forward: 6.143651485443115
Backward: 14.139169931411743
Opt.step: 1.0154728889465332
Forward: 6.0541346073150635
Backward: 14.966392993927002
Opt.step: 1.027608871459961
Forward: 6.2275097370147705
Backward: 14.781092882156372
Opt.step: 1.0216789245605469
Forward: 6.187497854232788
Backward: 16.996521472930908
Opt.step: 1.0271787643432617
Forward: 6.56921648979187
Backward: 14.401261806488037
Opt.step: 1.005669116973877
Forward: 6.117838382720947
Backward: 15.56708288192749
Opt.step: 1.0024292469024658
Forward: 6.230290651321411
Backward: 14.388171434402466
Opt.step: 0.9982144832611084
Forward: 6.034066677093506
Backward: 16.29804515838623
Opt.step: 1.018181562423706
Forward: 6.436712980270386
Backward: 15.226577520370483
Opt.step: 1.0294768810272217
Forward: 6.360787868499756
Backward: 16.4363911151886
Opt.step: 1.0048322677612305
Forward: 6.385978937149048
Backward: 14.494449853897095
Opt.step: 1.0029664039611816
Forward: 6.062283515930176
Backward: 16.19626212120056
Opt.step: 1.002995252609253
Forward: 6.345298767089844
Backward: 15.634303569793701
Opt.step: 1.0180308818817139
Forward: 6.35053277015686
Backward: 16.87119150161743
Opt.step: 1.0506210327148438
Forward: 6.495026111602783
Backward: 15.051355600357056
Opt.step: 1.008885145187378
Forward: 6.211661100387573
Backward: 15.623445510864258
Opt.step: 0.9994733333587646
Forward: 6.24746561050415
Backward: 15.695243835449219
Opt.step: 1.0088467597961426
Forward: 6.3766467571258545
Backward: 16.320862293243408
Opt.step: 1.0257453918457031
Forward: 6.5216851234436035
Backward: 16.41707181930542
Opt.step: 1.0181360244750977
Forward: 6.375655174255371
Backward: 16.18735122680664
Opt.step: 1.006171703338623
Forward: 6.323871850967407
Backward: 15.672665357589722
Opt.step: 1.0002412796020508
Forward: 6.2532196044921875
Backward: 16.682101726531982
Opt.step: 1.0288772583007812
Forward: 6.481188774108887
Backward: 16.99782633781433
Opt.step: 1.045466661453247
Forward: 6.569843292236328
Backward: 16.586303234100342
Opt.step: 1.0000767707824707
Forward: 6.3438756465911865
Backward: 16.12014150619507
Opt.step: 0.999312162399292
Forward: 6.566311597824097
Backward: 16.305427312850952
Opt.step: 1.0143494606018066
Forward: 6.34623908996582
Backward: 16.947256326675415
Opt.step: 1.026665210723877
Forward: 6.458014965057373
Backward: 17.03698492050171
Opt.step: 1.0233688354492188
Forward: 6.59567403793335
Backward: 16.23615550994873
Opt.step: 0.9993832111358643
Forward: 6.322504758834839
Backward: 16.30236029624939
Opt.step: 1.0126314163208008
Forward: 6.38660740852356
Backward: 16.69247794151306
Opt.step: 1.017099142074585
Forward: 6.506714105606079
Backward: 17.06208562850952
Opt.step: 1.0260725021362305
Forward: 6.560845851898193
Backward: 16.680601358413696
Opt.step: 1.0014917850494385
Forward: 6.354488134384155
Backward: 16.234074354171753
Opt.step: 1.0123710632324219
Forward: 6.30546498298645
Backward: 16.288227319717407
Opt.step: 1.0086314678192139
Forward: 6.420550346374512
Backward: 17.004138469696045
Opt.step: 1.0206432342529297
Forward: 6.590442180633545
Backward: 16.916969537734985
Opt.step: 1.0444753170013428
Forward: 6.5612218379974365
Backward: 16.291402339935303
Opt.step: 0.9981307983398438
Forward: 6.357176303863525
Backward: 16.219454765319824
Opt.step: 1.0217363834381104
Forward: 6.317210912704468
Backward: 16.974231481552124
Opt.step: 1.0271978378295898
Forward: 6.597460746765137
Backward: 17.019410133361816
Opt.step: 1.0157954692840576
Forward: 6.536071300506592
Backward: 16.637619256973267
Opt.step: 1.0071477890014648
Forward: 6.406296730041504
Backward: 16.34584879875183
Opt.step: 1.010122299194336
Forward: 6.357537508010864
Backward: 16.364989280700684
Opt.step: 1.0301241874694824
Forward: 6.519851446151733
Backward: 16.971601247787476
Opt.step: 1.0286307334899902
Forward: 6.570494890213013
Backward: 16.913137435913086
Opt.step: 1.0073966979980469
Forward: 6.300387382507324
Backward: 16.252562761306763
Opt.step: 1.01493239402771
Forward: 6.413217306137085
Backward: 16.254169464111328
Opt.step: 0.993964672088623
Forward: 6.344914197921753
Backward: 17.180011987686157
Opt.step: 1.0141799449920654
Forward: 6.551099538803101
Backward: 17.07554793357849
Opt.step: 1.0241599082946777
Forward: 6.5913591384887695
Backward: 16.271415948867798
Opt.step: 0.9910173416137695
Forward: 6.315808057785034
Backward: 16.310006380081177
Opt.step: 1.0000321865081787
Forward: 6.391673564910889
Backward: 17.15591311454773
Opt.step: 1.0323917865753174
Forward: 6.555196046829224
Backward: 17.257511854171753
Opt.step: 1.028214693069458
Forward: 6.5992958545684814
Backward: 16.39891004562378
Opt.step: 0.9972379207611084
Forward: 6.374953985214233
Backward: 16.25581979751587
Opt.step: 1.0407071113586426
Forward: 6.352695941925049
Backward: 16.57259225845337
Opt.step: 1.0243136882781982
Forward: 6.5366926193237305
Backward: 17.167825937271118
Opt.step: 1.0183541774749756
Forward: 6.610181093215942
Backward: 16.90610432624817
Opt.step: 1.0258421897888184
Forward: 6.384651184082031
Backward: 16.352118253707886
Opt.step: 1.0017809867858887
Forward: 6.345568418502808
Backward: 16.255563259124756
Opt.step: 1.0220284461975098
Forward: 6.574999809265137
Backward: 16.87025499343872
Opt.step: 1.0211832523345947
Forward: 6.574171304702759
Backward: 17.123047828674316
Opt.step: 1.0210590362548828
Forward: 6.426345348358154
Backward: 16.14563250541687
Opt.step: 1.0076329708099365
Forward: 6.3297648429870605
Backward: 16.128869771957397
Opt.step: 0.9914286136627197
Forward: 6.256801605224609
Backward: 16.115321397781372
Opt.step: 1.0021777153015137
Forward: 6.3315887451171875
Backward: 16.106010675430298
Opt.step: 1.0007059574127197
Forward: 6.296751499176025
Backward: 16.116852045059204
Opt.step: 1.000873327255249
Forward: 6.325686454772949
Backward: 15.974927425384521
Opt.step: 0.9943878650665283
Forward: 6.3569440841674805
Backward: 16.05581259727478
Opt.step: 1.0151078701019287
Forward: 6.2897279262542725
Backward: 16.103824138641357
Opt.step: 1.006263017654419
Forward: 6.341752052307129
Backward: 16.137739181518555
Opt.step: 1.005758285522461
Forward: 6.300680160522461
Backward: 16.167372226715088
Opt.step: 0.990786075592041
Forward: 6.3533244132995605
Backward: 16.123592615127563
Opt.step: 1.1839823722839355
Forward: 6.42333197593689
Backward: 16.216466188430786
Opt.step: 0.9945502281188965
Forward: 6.2856059074401855
Backward: 16.3171706199646
Opt.step: 1.0271549224853516
Forward: 6.4586100578308105
Backward: 17.14596176147461
Opt.step: 1.0162954330444336
Forward: 6.548530101776123
Backward: 17.004042863845825
Opt.step: 1.0169808864593506
Forward: 6.650172233581543
Backward: 16.66342043876648
Opt.step: 1.0245258808135986
Forward: 6.5098557472229
Backward: 16.383988618850708
Opt.step: 1.0027670860290527
Forward: 6.346133232116699
Backward: 16.256201028823853
Opt.step: 1.0009865760803223
Forward: 6.360182046890259
Backward: 16.320443153381348
Opt.step: 0.9954259395599365
Forward: 6.3059165477752686
Backward: 17.068840980529785
Opt.step: 1.0245089530944824
Forward: 6.588767051696777
Backward: 17.098308563232422
Opt.step: 1.0337800979614258
Forward: 6.572434186935425
Backward: 16.186505556106567
Opt.step: 1.0008559226989746
Forward: 6.321041584014893
Backward: 16.2828049659729
Opt.step: 1.0076818466186523
Forward: 6.366818189620972
Backward: 16.270371913909912
Opt.step: 0.993436336517334
Forward: 6.537466287612915
Backward: 17.085366010665894
Opt.step: 1.0163328647613525
Forward: 6.623729705810547
Backward: 17.03274703025818
Opt.step: 1.0196864604949951
Forward: 6.466084003448486
Backward: 16.297019958496094
Opt.step: 1.0077674388885498
Forward: 6.3709704875946045
Backward: 16.246229887008667
Opt.step: 0.9950029850006104
Forward: 6.373061656951904
Backward: 16.579323053359985
Opt.step: 1.0326414108276367
Forward: 6.4403417110443115
Backward: 17.03195881843567
Opt.step: 1.0112888813018799
Forward: 6.585390329360962
Backward: 16.906954765319824
Opt.step: 0.9987881183624268
Forward: 6.369072198867798
Backward: 16.25069236755371
Opt.step: 1.0001277923583984
Forward: 6.361840724945068
Backward: 16.241416692733765
Opt.step: 1.0132725238800049
Forward: 6.381448745727539
Backward: 16.86911392211914
Opt.step: 1.0233240127563477
Forward: 6.537060976028442
Backward: 17.09092664718628
Opt.step: 1.0231168270111084
Forward: 6.5893309116363525
Backward: 16.21587586402893
Opt.step: 1.0094196796417236
Forward: 6.3415162563323975
Backward: 16.32105588912964
Opt.step: 1.028411626815796
Forward: 6.3531410694122314
Backward: 16.24097728729248
Opt.step: 1.0028870105743408
Forward: 6.384490966796875
Backward: 16.89808964729309
Opt.step: 1.0322022438049316
Forward: 6.53563928604126
Backward: 17.096752643585205
Opt.step: 1.0132062435150146
Forward: 6.608560562133789
Backward: 16.385236740112305
Opt.step: 1.008840799331665
Forward: 6.361217021942139
Backward: 16.3016357421875
Opt.step: 1.0155892372131348
Forward: 6.3667237758636475
Backward: 16.646307468414307
Opt.step: 1.0234878063201904
Forward: 6.7246527671813965
Backward: 17.16580367088318
Opt.step: 1.028473138809204
Forward: 6.57059645652771
Backward: 16.894901990890503
Opt.step: 0.9993705749511719
Forward: 6.350860357284546
Backward: 16.29358673095703
Opt.step: 1.0258784294128418
Forward: 6.3935229778289795
Backward: 16.26836133003235
Opt.step: 0.9974994659423828
Forward: 6.373430967330933
Backward: 17.014183044433594
Opt.step: 1.0177412033081055
Forward: 6.5412514209747314
Backward: 17.010265827178955
Opt.step: 1.0178210735321045
Forward: 6.581932544708252
Backward: 16.36095929145813
Opt.step: 1.0111985206604004
Forward: 6.383249282836914
Backward: 16.362834692001343
Opt.step: 0.9945178031921387
Forward: 6.305146932601929
Backward: 16.59320831298828
Opt.step: 1.0226867198944092
Forward: 6.594552278518677
Backward: 16.95326066017151
Opt.step: 1.0277409553527832
Forward: 6.554028749465942
Backward: 16.95810556411743
Opt.step: 0.9977009296417236
Forward: 6.314050197601318
Backward: 16.163737058639526
Opt.step: 0.9990627765655518
Forward: 6.395564556121826
Backward: 16.281321048736572
Opt.step: 0.9964118003845215
Forward: 6.309996128082275
Backward: 17.152967929840088
Opt.step: 1.023122787475586
Forward: 6.558021545410156
Backward: 17.110860347747803
Opt.step: 1.017216682434082
Forward: 6.5872814655303955
Backward: 16.31420922279358
Opt.step: 0.9995543956756592
Forward: 6.371419668197632
Backward: 16.499328136444092
Opt.step: 1.010465145111084
Forward: 6.364623069763184
Backward: 16.908316373825073
Opt.step: 1.018284559249878
Forward: 6.526785612106323
Backward: 17.095855712890625
Opt.step: 1.0190649032592773
Forward: 6.604698419570923
Backward: 16.423686981201172
Opt.step: 1.0067877769470215
Forward: 1.8763427734375
Backward: 4.811890363693237
Opt.step: 0.9996781349182129
Epoch 15: Validation Loss = 2.6578214168548584
Epoch 15: {'bleu': 20.770117810359938}
Saved checkpoint to ./workdir_vocab10000_lr0.001_embd256/checkpoint_epoch15.npz
Forward: 5.989063739776611
Backward: 15.435494661331177
Opt.step: 0.9979166984558105
Forward: 6.5934436321258545
Backward: 16.16584873199463
Opt.step: 1.0066571235656738
Forward: 6.029123067855835
Backward: 15.46279239654541
Opt.step: 1.0157287120819092
Forward: 6.225855112075806
Backward: 15.473957061767578
Opt.step: 0.9830043315887451
Forward: 5.804994106292725
Backward: 14.145706415176392
Opt.step: 1.0074443817138672
Forward: 6.092470645904541
Backward: 14.999773263931274
Opt.step: 0.9796690940856934
Forward: 5.81652569770813
Backward: 14.55967378616333
Opt.step: 1.221573829650879
Forward: 6.180210590362549
Backward: 15.65507984161377
Opt.step: 1.0158648490905762
Forward: 6.162158250808716
Backward: 14.69071364402771
Opt.step: 0.9814915657043457
Forward: 5.996976375579834
Backward: 14.776021718978882
Opt.step: 0.9826443195343018
Forward: 5.975404977798462
Backward: 14.337049007415771
Opt.step: 1.0147488117218018
Forward: 5.997594118118286
Backward: 14.337742567062378
Opt.step: 1.0066051483154297
Forward: 6.134701490402222
Backward: 14.751924991607666
Opt.step: 1.02976393699646
Forward: 6.207744836807251
Backward: 14.704988956451416
Opt.step: 1.011758804321289
Forward: 6.092464447021484
Backward: 14.019622802734375
Opt.step: 0.9989871978759766
Forward: 5.917790174484253
Backward: 14.343510389328003
Opt.step: 0.9793219566345215
Forward: 6.048387050628662
Backward: 14.17847204208374
Opt.step: 0.9753718376159668
Forward: 6.123370885848999
Backward: 15.32781171798706
Opt.step: 0.9912824630737305
Forward: 6.161132335662842
Backward: 14.81239366531372
Opt.step: 1.0094752311706543
Forward: 6.162705898284912
Backward: 14.831895112991333
Opt.step: 0.9911894798278809
Forward: 6.0139265060424805
Backward: 14.800427675247192
Opt.step: 0.9931457042694092
Forward: 5.9904234409332275
Backward: 15.354232549667358
Opt.step: 0.9863150119781494
Forward: 6.16147780418396
Backward: 14.677291631698608
Opt.step: 0.9977278709411621
Forward: 6.318735361099243
Backward: 16.64239478111267
Opt.step: 0.9964981079101562
Forward: 6.488181114196777
Backward: 14.739120244979858
Opt.step: 0.9827673435211182
Forward: 5.993816375732422
Backward: 15.863202095031738
Opt.step: 0.9751901626586914
Forward: 6.218571186065674
Backward: 14.194021940231323
Opt.step: 0.9795424938201904
Forward: 5.946151494979858
Backward: 16.566877603530884
Opt.step: 0.997812032699585
Forward: 6.409543752670288
Backward: 14.897263765335083
Opt.step: 0.995140552520752
Forward: 6.1596455574035645
Backward: 15.773323059082031
Opt.step: 0.9865767955780029
Forward: 6.2273030281066895
Backward: 14.154128789901733
Opt.step: 0.9854798316955566
Forward: 5.935182809829712
Backward: 15.947213411331177
Opt.step: 0.9781723022460938
Forward: 6.356035470962524
Backward: 14.923123598098755
Opt.step: 0.994821310043335
Forward: 6.158132076263428
Backward: 16.58747696876526
Opt.step: 1.0009465217590332
Forward: 6.419223308563232
Backward: 14.357721328735352
Opt.step: 0.9829452037811279
Forward: 6.004249334335327
Backward: 16.081408500671387
Opt.step: 0.9806890487670898
Forward: 6.195987701416016
Backward: 14.379950046539307
Opt.step: 0.9736433029174805
Forward: 6.2087297439575195
Backward: 16.601444721221924
Opt.step: 1.0154037475585938
Forward: 6.465559482574463
Backward: 15.59247612953186
Opt.step: 1.016981601715088
Forward: 6.143118619918823
Backward: 16.166268587112427
Opt.step: 0.988670825958252
Forward: 6.2252771854400635
Backward: 15.168588876724243
Opt.step: 0.9748969078063965
Forward: 6.05839729309082
Backward: 16.268158435821533
Opt.step: 0.996145486831665
Forward: 6.3430445194244385
Backward: 15.857826232910156
Opt.step: 1.106355905532837
Forward: 6.3122217655181885
Backward: 16.559188842773438
Opt.step: 0.9872303009033203
Forward: 6.234419822692871
Backward: 14.728528261184692
Opt.step: 0.9781081676483154
Forward: 6.01137638092041
Backward: 15.426591396331787
Opt.step: 0.9889965057373047
Forward: 6.15847635269165
Backward: 15.685580492019653
Opt.step: 1.0038492679595947
Forward: 6.227222919464111
Backward: 16.665620803833008
Opt.step: 1.002091407775879
Forward: 6.430226802825928
Backward: 15.46335506439209
Opt.step: 0.9847846031188965
Forward: 6.067920684814453
Backward: 15.875664710998535
Opt.step: 1.00581955909729
Forward: 6.1776463985443115
Backward: 16.092033624649048
Opt.step: 0.9912748336791992
Forward: 6.312266111373901
Backward: 16.761434316635132
Opt.step: 1.008497714996338
Forward: 6.436221599578857
Backward: 16.130010843276978
Opt.step: 0.994220495223999
Forward: 6.255148649215698
Backward: 15.9031822681427
Opt.step: 0.9867599010467529
Forward: 6.253696918487549
Backward: 15.306124210357666
Opt.step: 0.9843201637268066
Forward: 6.1369922161102295
Backward: 16.863731145858765
Opt.step: 1.0074877738952637
Forward: 6.532235145568848
Backward: 16.218838214874268
Opt.step: 0.998138427734375
Forward: 6.3591554164886475
Backward: 16.30180048942566
Opt.step: 0.9879021644592285
Forward: 6.294699192047119
Backward: 15.336573123931885
Opt.step: 0.9876596927642822
Forward: 6.163027763366699
Backward: 16.177544116973877
Opt.step: 0.9832763671875
Forward: 6.377674579620361
Backward: 16.690587520599365
Opt.step: 1.0108447074890137
Forward: 6.463572025299072
Backward: 16.857396602630615
Opt.step: 1.010132074356079
Forward: 6.4289186000823975
Backward: 16.130305528640747
Opt.step: 0.9877369403839111
Forward: 6.2542805671691895
Backward: 16.159371852874756
Opt.step: 0.9883506298065186
Forward: 6.303894758224487
Backward: 16.681907653808594
Opt.step: 1.005521535873413
Forward: 6.245522499084473
Backward: 16.906346559524536
Opt.step: 1.0121440887451172
Forward: 6.504536390304565
Backward: 15.383642196655273
Opt.step: 0.9836583137512207
Forward: 6.119549989700317
Backward: 16.104685068130493
Opt.step: 0.9868364334106445
Forward: 6.295691251754761
Backward: 15.863086223602295
Opt.step: 1.0073471069335938
Forward: 6.330822467803955
Backward: 16.78985905647278
Opt.step: 1.0035154819488525
Forward: 6.454126596450806
Backward: 16.22756028175354
Opt.step: 1.0403449535369873
Forward: 6.351139545440674
Backward: 16.02673077583313
Opt.step: 0.9803106784820557
Forward: 6.417079925537109
Backward: 15.365856647491455
Opt.step: 0.9782352447509766
Forward: 6.211339473724365
Backward: 16.780009984970093
Opt.step: 1.0015170574188232
Forward: 6.476268291473389
Backward: 16.046761989593506
Opt.step: 0.997915506362915
Forward: 6.228686094284058
Backward: 15.895801067352295
Opt.step: 0.9806079864501953
Forward: 6.264801263809204
Backward: 15.317248344421387
Opt.step: 0.9840669631958008
Forward: 6.106295347213745
Backward: 16.644009590148926
Opt.step: 0.9997313022613525
Forward: 6.399739503860474
Backward: 16.47923970222473
Opt.step: 1.0059845447540283
Forward: 6.300258636474609
Backward: 16.08843469619751
Opt.step: 0.9688589572906494
Forward: 6.121727466583252
Backward: 15.99616026878357
Opt.step: 0.9770867824554443
Forward: 6.201772212982178
Backward: 15.906083345413208
Opt.step: 0.9748284816741943
Forward: 6.20382833480835
Backward: 15.69399380683899
Opt.step: 0.9787888526916504
Forward: 6.180475234985352
Backward: 16.08877468109131
Opt.step: 0.981266975402832
Forward: 6.2186384201049805
Backward: 15.70006775856018
Opt.step: 0.9760580062866211
Forward: 6.153548717498779
Backward: 15.726711988449097
Opt.step: 0.9811830520629883
Forward: 6.37897515296936
Backward: 15.723362922668457
Opt.step: 0.973700761795044
Forward: 6.20091986656189
Backward: 15.782792568206787
Opt.step: 0.9771502017974854
Forward: 6.362124681472778
Backward: 15.804718494415283
Opt.step: 0.9816257953643799
Forward: 6.247849225997925
Backward: 15.79988718032837
Opt.step: 0.9768519401550293
Forward: 6.172118186950684
Backward: 15.90425968170166
Opt.step: 0.9850246906280518
Forward: 6.235792875289917
Backward: 15.872467517852783
Opt.step: 0.9864118099212646
Forward: 6.248002529144287
Backward: 15.96077013015747
Opt.step: 1.0074033737182617
Forward: 6.524372339248657
Backward: 17.085854291915894
Opt.step: 1.00494384765625
Forward: 6.450166702270508
Backward: 16.687843561172485
Opt.step: 0.9930689334869385
Forward: 6.3850603103637695
Backward: 16.546714544296265
Opt.step: 1.0008938312530518
Forward: 6.369075536727905
Backward: 15.96556568145752
Opt.step: 0.9772822856903076
Forward: 6.351639032363892
Backward: 16.130887031555176
Opt.step: 0.9794259071350098
Forward: 6.236290216445923
Backward: 16.11047601699829
Opt.step: 0.9916956424713135
Forward: 6.28443455696106
Backward: 16.772653102874756
Opt.step: 1.0131800174713135
Forward: 6.455672264099121
Backward: 16.724030017852783
Opt.step: 1.0149614810943604
Forward: 6.523711442947388
Backward: 16.12600588798523
Opt.step: 0.9922447204589844
Forward: 6.303368806838989
Backward: 16.167507886886597
Opt.step: 0.9949517250061035
Forward: 6.214217662811279
Backward: 16.59724521636963
Opt.step: 1.016139268875122
Forward: 6.519049644470215
Backward: 17.238791465759277
Opt.step: 1.0129797458648682
Forward: 6.398116588592529
Backward: 16.946240186691284
Opt.step: 1.1675474643707275
Forward: 6.3020339012146
Backward: 16.071608781814575
Opt.step: 0.9875562191009521
Forward: 6.2926483154296875
Backward: 15.810454607009888
Opt.step: 0.9923520088195801
Forward: 6.206196308135986
Backward: 16.594258785247803
Opt.step: 1.176405668258667
Forward: 6.463926792144775
Backward: 16.865501165390015
Opt.step: 1.005690097808838
Forward: 6.492767810821533
Backward: 16.856305599212646
Opt.step: 0.9927573204040527
Forward: 6.38934850692749
Backward: 16.261717319488525
Opt.step: 0.9979209899902344
Forward: 6.334233999252319
Backward: 16.06629967689514
Opt.step: 0.9919219017028809
Forward: 6.294831275939941
Backward: 16.834146976470947
Opt.step: 1.0187668800354004
Forward: 6.564324140548706
Backward: 16.817955017089844
Opt.step: 1.0202720165252686
Forward: 6.474050521850586
Backward: 16.779762983322144
Opt.step: 1.018690586090088
Forward: 6.474984884262085
Backward: 16.637972593307495
Opt.step: 1.0938451290130615
Forward: 6.422032356262207
Backward: 16.75954794883728
Opt.step: 1.0189530849456787
Forward: 6.620315074920654
Backward: 17.3313992023468
Opt.step: 1.0445551872253418
Forward: 6.758742332458496
Backward: 17.492730140686035
Opt.step: 1.040670394897461
Forward: 6.745723724365234
Backward: 17.072449922561646
Opt.step: 1.0132219791412354
Forward: 6.419519901275635
Backward: 16.58840274810791
Opt.step: 1.0189907550811768
Forward: 6.561594486236572
Backward: 16.862703323364258
Opt.step: 1.0392298698425293
Forward: 6.619876384735107
Backward: 17.462403535842896
Opt.step: 1.036360502243042
Forward: 6.705045223236084
Backward: 16.95238208770752
Opt.step: 1.013596534729004
Forward: 6.382526159286499
Backward: 16.51315140724182
Opt.step: 1.015881061553955
Forward: 6.474865913391113
Backward: 16.39915370941162
Opt.step: 1.0127379894256592
Forward: 6.384137392044067
Backward: 17.611879587173462
Opt.step: 1.032712459564209
Forward: 6.613377809524536
Backward: 17.367380619049072
Opt.step: 1.033700704574585
Forward: 6.590102672576904
Backward: 16.470012426376343
Opt.step: 1.0150823593139648
Forward: 6.558812141418457
Backward: 16.45543074607849
Opt.step: 1.0171051025390625
Forward: 6.431960582733154
Backward: 16.831440210342407
Opt.step: 1.0347678661346436
Forward: 6.6061930656433105
Backward: 17.5651912689209
Opt.step: 1.0941946506500244
Forward: 6.740972280502319
Backward: 16.705421447753906
Opt.step: 1.0088701248168945
Forward: 6.443496227264404
Backward: 16.50440239906311
Opt.step: 1.023329496383667
Forward: 6.626340866088867
Backward: 16.481663703918457
Opt.step: 1.185783863067627
Forward: 6.559621095657349
Backward: 17.224180221557617
Opt.step: 1.0455121994018555
Forward: 6.820188522338867
Backward: 17.168517589569092
Opt.step: 1.0327033996582031
Forward: 6.636718988418579
Backward: 16.48775553703308
Opt.step: 1.0150933265686035
Forward: 6.383272886276245
Backward: 16.62288546562195
Opt.step: 1.0723762512207031
Forward: 6.368182182312012
Backward: 16.940852403640747
Opt.step: 1.0204644203186035
Forward: 6.6593708992004395
Backward: 17.052594900131226
Opt.step: 1.0274555683135986
Forward: 6.524379253387451
Backward: 16.19963765144348
Opt.step: 0.9972550868988037
Forward: 6.310372829437256
Backward: 16.146818161010742
Opt.step: 0.9963390827178955
Forward: 6.3032965660095215
Backward: 16.143673181533813
Opt.step: 1.006596565246582
Forward: 6.787861108779907
Backward: 16.87845206260681
Opt.step: 1.0188689231872559
Forward: 6.503998756408691
Backward: 16.859926223754883
Opt.step: 1.026122808456421
Forward: 6.426574230194092
Backward: 16.06418013572693
Opt.step: 0.998892068862915
Forward: 6.463953971862793
Backward: 16.40803098678589
Opt.step: 1.0056955814361572
Forward: 6.319985866546631
Backward: 16.857049703598022
Opt.step: 1.019817590713501
Forward: 6.467604637145996
Backward: 16.913476705551147
Opt.step: 1.0194435119628906
Forward: 6.46024751663208
Backward: 16.136654138565063
Opt.step: 1.1695749759674072
Forward: 6.549318790435791
Backward: 16.386662483215332
Opt.step: 0.998154878616333
Forward: 6.659883975982666
Backward: 16.7989604473114
Opt.step: 1.0195705890655518
Forward: 6.520730972290039
Backward: 16.945256233215332
Opt.step: 1.0152246952056885
Forward: 6.526349782943726
Backward: 16.649856328964233
Opt.step: 0.9899685382843018
Forward: 1.9614589214324951
Backward: 4.7769715785980225
Opt.step: 0.9945352077484131
Epoch 16: Validation Loss = 2.629852056503296
Epoch 16: {'bleu': 19.737570253412574}
Saved checkpoint to ./workdir_vocab10000_lr0.001_embd256/checkpoint_epoch16.npz
Forward: 6.050771474838257
Backward: 15.347267389297485
Opt.step: 1.0191633701324463
Forward: 6.849609375
Backward: 16.864670038223267
Opt.step: 1.040149450302124
Forward: 6.314925670623779
Backward: 16.584148645401
Opt.step: 1.0351991653442383
Forward: 6.472145318984985
Backward: 16.13812232017517
Opt.step: 1.0072176456451416
Forward: 6.137094259262085
Backward: 15.813170909881592
Opt.step: 1.0144388675689697
Forward: 6.143038988113403
Backward: 16.391929149627686
Opt.step: 1.035811424255371
Forward: 6.22070050239563
Backward: 16.257535696029663
Opt.step: 1.0378012657165527
Forward: 6.42335319519043
Backward: 16.7065691947937
Opt.step: 1.0367839336395264
Forward: 6.113680362701416
Backward: 15.15390157699585
Opt.step: 1.0153203010559082
Forward: 6.195799112319946
Backward: 15.64584493637085
Opt.step: 0.9931473731994629
Forward: 6.037798881530762
Backward: 16.088701725006104
Opt.step: 1.0142490863800049
Forward: 6.301054239273071
Backward: 16.296905040740967
Opt.step: 1.0124802589416504
Forward: 6.375372409820557
Backward: 16.03330135345459
Opt.step: 0.9932262897491455
Forward: 6.039932727813721
Backward: 15.193296909332275
Opt.step: 0.9947850704193115
Forward: 6.0204997062683105
Backward: 15.111398935317993
Opt.step: 0.9981191158294678
Forward: 6.278149127960205
Backward: 15.092145681381226
Opt.step: 1.016711950302124
Forward: 6.2336649894714355
Backward: 15.681169509887695
Opt.step: 1.0390865802764893
Forward: 6.418074131011963
Backward: 15.449443578720093
Opt.step: 0.9860730171203613
Forward: 5.952721834182739
Backward: 14.877628803253174
Opt.step: 1.0038526058197021
Forward: 6.026085615158081
Backward: 14.669496774673462
Opt.step: 0.9969837665557861
Forward: 6.137311935424805
Backward: 14.871026992797852
Opt.step: 1.0104396343231201
Forward: 6.279691696166992
Backward: 15.636000394821167
Opt.step: 1.0271029472351074
Forward: 6.277719497680664
Backward: 14.809422254562378
Opt.step: 1.166210651397705
Forward: 6.07299280166626
Backward: 14.885738134384155
Opt.step: 0.9895391464233398
Forward: 6.1897852420806885
Backward: 14.276217460632324
Opt.step: 1.0196263790130615
Forward: 6.195513486862183
Backward: 15.878241539001465
Opt.step: 1.0332362651824951
Forward: 6.349242925643921
Backward: 15.129770755767822
Opt.step: 1.031825304031372
Forward: 6.400651454925537
Backward: 15.396263360977173
Opt.step: 1.0144767761230469
Forward: 6.243934869766235
Backward: 14.298476934432983
Opt.step: 1.0030994415283203
Forward: 6.30569314956665
Backward: 15.41512393951416
Opt.step: 1.0076167583465576
Forward: 6.254615545272827
Backward: 15.36523699760437
Opt.step: 1.0170433521270752
Forward: 6.400691747665405
Backward: 16.48158860206604
Opt.step: 1.016892433166504
Forward: 6.419181823730469
Backward: 14.598817825317383
Opt.step: 1.0056211948394775
Forward: 6.224245071411133
Backward: 15.794997692108154
Opt.step: 1.0102341175079346
Forward: 6.320800542831421
Backward: 15.348767042160034
Opt.step: 1.0343494415283203
Forward: 6.338675260543823
Backward: 16.677798748016357
Opt.step: 1.033353567123413
Forward: 6.548418998718262
Backward: 16.63787579536438
Opt.step: 1.010007619857788
Forward: 6.220372438430786
Backward: 16.602895259857178
Opt.step: 1.0244929790496826
Forward: 6.4502177238464355
Backward: 15.731804370880127
Opt.step: 1.0081579685211182
Forward: 6.305639266967773
Backward: 17.21456551551819
Opt.step: 1.0423009395599365
Forward: 6.629284858703613
Backward: 16.770328998565674
Opt.step: 1.0326590538024902
Forward: 6.465919733047485
Backward: 16.498986959457397
Opt.step: 1.0067429542541504
Forward: 6.38250470161438
Backward: 15.282024383544922
Opt.step: 1.0242576599121094
Forward: 6.275110721588135
Backward: 17.125386476516724
Opt.step: 1.030649185180664
Forward: 6.6266467571258545
Backward: 16.19266963005066
Opt.step: 1.046396017074585
Forward: 6.517259836196899
Backward: 16.85647416114807
Opt.step: 1.0128307342529297
Forward: 6.406628608703613
Backward: 15.743457078933716
Opt.step: 1.0167515277862549
Forward: 6.261746644973755
Backward: 16.490940809249878
Opt.step: 1.0331337451934814
Forward: 6.6160523891448975
Backward: 17.1574387550354
Opt.step: 1.0419988632202148
Forward: 6.582265377044678
Backward: 17.243312120437622
Opt.step: 1.0212056636810303
Forward: 6.4039881229400635
Backward: 15.863953828811646
Opt.step: 1.0148124694824219
Forward: 6.339858055114746
Backward: 16.366756200790405
Opt.step: 1.0067596435546875
Forward: 6.4401702880859375
Backward: 17.149781942367554
Opt.step: 1.0391063690185547
Forward: 6.692148923873901
Backward: 17.14994740486145
Opt.step: 1.0276498794555664
Forward: 6.55614972114563
Backward: 16.829723358154297
Opt.step: 1.0163099765777588
Forward: 6.32231068611145
Backward: 16.124525547027588
Opt.step: 1.0115103721618652
Forward: 6.385255336761475
Backward: 15.494391202926636
Opt.step: 1.0080575942993164
Forward: 6.253474473953247
Backward: 16.317373275756836
Opt.step: 1.005080223083496
Forward: 6.376032829284668
Backward: 16.31330919265747
Opt.step: 1.0037341117858887
Forward: 6.34163236618042
Backward: 16.255043029785156
Opt.step: 1.0118870735168457
Forward: 6.388049840927124
Backward: 16.267301082611084
Opt.step: 1.01224946975708
Forward: 6.372557878494263
Backward: 16.43899416923523
Opt.step: 1.0129692554473877
Forward: 6.32722282409668
Backward: 16.241947174072266
Opt.step: 1.0162005424499512
Forward: 6.412686109542847
Backward: 16.413246870040894
Opt.step: 1.004197597503662
Forward: 6.336695909500122
Backward: 16.283684015274048
Opt.step: 1.008359432220459
Forward: 6.399791955947876
Backward: 16.520243883132935
Opt.step: 1.0200214385986328
Forward: 6.404120206832886
Backward: 16.31887912750244
Opt.step: 1.0087387561798096
Forward: 6.381430149078369
Backward: 17.273560047149658
Opt.step: 1.0370094776153564
Forward: 6.636054992675781
Backward: 17.149932384490967
Opt.step: 1.0350680351257324
Forward: 6.58327841758728
Backward: 16.97190570831299
Opt.step: 1.0135517120361328
Forward: 6.527538537979126
Backward: 16.412866592407227
Opt.step: 0.9918947219848633
Forward: 6.3276426792144775
Backward: 16.25247883796692
Opt.step: 0.9993143081665039
Forward: 6.347991466522217
Backward: 16.37019443511963
Opt.step: 1.01287841796875
Forward: 6.429559230804443
Backward: 17.095655918121338
Opt.step: 1.030442237854004
Forward: 6.618998765945435
Backward: 17.29059100151062
Opt.step: 1.0365855693817139
Forward: 6.652208089828491
Backward: 16.532281160354614
Opt.step: 1.013103723526001
Forward: 6.447005987167358
Backward: 16.337904691696167
Opt.step: 1.0160162448883057
Forward: 6.418176174163818
Backward: 16.726380109786987
Opt.step: 1.209031105041504
Forward: 6.568709850311279
Backward: 17.272047996520996
Opt.step: 1.0351357460021973
Forward: 6.627673149108887
Backward: 17.157855987548828
Opt.step: 1.0215492248535156
Forward: 6.582424163818359
Backward: 16.133931398391724
Opt.step: 1.0083889961242676
Forward: 6.3353424072265625
Backward: 16.44159770011902
Opt.step: 1.004483699798584
Forward: 6.4660255908966064
Backward: 16.398099184036255
Opt.step: 1.0068576335906982
Forward: 6.6160266399383545
Backward: 17.180872440338135
Opt.step: 1.0362696647644043
Forward: 6.671528577804565
Backward: 17.11306071281433
Opt.step: 1.0317561626434326
Forward: 6.54708194732666
Backward: 16.423577070236206
Opt.step: 1.011904239654541
Forward: 6.374367713928223
Backward: 16.392866611480713
Opt.step: 1.0138778686523438
Forward: 6.4458582401275635
Backward: 16.900620698928833
Opt.step: 1.0336439609527588
Forward: 6.57060170173645
Backward: 17.277647256851196
Opt.step: 1.0276610851287842
Forward: 6.644659042358398
Backward: 16.844212293624878
Opt.step: 1.0124914646148682
Forward: 6.430360317230225
Backward: 16.43352770805359
Opt.step: 1.0052587985992432
Forward: 6.400563716888428
Backward: 16.46366238594055
Opt.step: 1.0147972106933594
Forward: 6.4462010860443115
Backward: 17.184293031692505
Opt.step: 1.0331003665924072
Forward: 6.598505258560181
Backward: 17.375811100006104
Opt.step: 1.038311243057251
Forward: 6.8396315574646
Backward: 16.324195384979248
Opt.step: 1.0087220668792725
Forward: 6.397439002990723
Backward: 16.5285964012146
Opt.step: 1.013671636581421
Forward: 6.428236961364746
Backward: 16.626316785812378
Opt.step: 1.0257511138916016
Forward: 6.590797185897827
Backward: 17.32265591621399
Opt.step: 1.029240369796753
Forward: 6.606158256530762
Backward: 17.03121018409729
Opt.step: 1.003162145614624
Forward: 6.425204753875732
Backward: 16.49271297454834
Opt.step: 1.013054609298706
Forward: 6.412556409835815
Backward: 16.501818418502808
Opt.step: 1.0119891166687012
Forward: 6.417714357376099
Backward: 17.38976788520813
Opt.step: 1.032909870147705
Forward: 6.6287806034088135
Backward: 17.195424795150757
Opt.step: 1.0275633335113525
Forward: 6.605251312255859
Backward: 16.52231216430664
Opt.step: 1.0318071842193604
Forward: 6.377014398574829
Backward: 16.48693871498108
Opt.step: 1.0118203163146973
Forward: 6.408238887786865
Backward: 16.982863903045654
Opt.step: 1.0254812240600586
Forward: 6.561152935028076
Backward: 17.164936780929565
Opt.step: 1.0401389598846436
Forward: 6.6157143115997314
Backward: 16.8989999294281
Opt.step: 1.0193150043487549
Forward: 6.426258325576782
Backward: 16.335164785385132
Opt.step: 1.0161359310150146
Forward: 6.431295871734619
Backward: 16.55262565612793
Opt.step: 1.0175597667694092
Forward: 6.564001798629761
Backward: 17.43825054168701
Opt.step: 1.0272190570831299
Forward: 6.62934422492981
Backward: 17.295900583267212
Opt.step: 1.0319151878356934
Forward: 6.60723614692688
Backward: 16.382471084594727
Opt.step: 1.0060350894927979
Forward: 6.410065174102783
Backward: 16.48944640159607
Opt.step: 1.0225419998168945
Forward: 6.450337648391724
Backward: 17.13318181037903
Opt.step: 1.0323920249938965
Forward: 6.558044195175171
Backward: 17.418071269989014
Opt.step: 1.0335972309112549
Forward: 6.611575603485107
Backward: 16.365025520324707
Opt.step: 1.014557123184204
Forward: 6.4564454555511475
Backward: 16.488649606704712
Opt.step: 1.0114238262176514
Forward: 6.397572040557861
Backward: 16.881409406661987
Opt.step: 1.0397539138793945
Forward: 6.620720386505127
Backward: 17.284560918807983
Opt.step: 1.0290319919586182
Forward: 6.669389724731445
Backward: 16.83656597137451
Opt.step: 1.0230910778045654
Forward: 6.433305978775024
Backward: 16.563186407089233
Opt.step: 1.021183729171753
Forward: 6.42084813117981
Backward: 16.42200469970703
Opt.step: 1.037294626235962
Forward: 6.598071336746216
Backward: 17.21458339691162
Opt.step: 1.0313918590545654
Forward: 6.639611005783081
Backward: 17.144632577896118
Opt.step: 1.0258119106292725
Forward: 6.37520432472229
Backward: 16.60443377494812
Opt.step: 1.0169689655303955
Forward: 6.4507317543029785
Backward: 16.38197612762451
Opt.step: 1.1920113563537598
Forward: 6.524002313613892
Backward: 17.301661252975464
Opt.step: 1.0377416610717773
Forward: 6.69916296005249
Backward: 17.236319541931152
Opt.step: 1.0264790058135986
Forward: 6.635222911834717
Backward: 16.463838577270508
Opt.step: 1.01780104637146
Forward: 6.3697426319122314
Backward: 16.3096604347229
Opt.step: 1.005892276763916
Forward: 6.407286643981934
Backward: 16.28848886489868
Opt.step: 1.0087189674377441
Forward: 6.363972902297974
Backward: 16.33493661880493
Opt.step: 1.0151269435882568
Forward: 6.318324327468872
Backward: 16.394818782806396
Opt.step: 1.0101609230041504
Forward: 6.382257699966431
Backward: 16.31963539123535
Opt.step: 1.0151774883270264
Forward: 6.407428979873657
Backward: 16.173269748687744
Opt.step: 0.9997782707214355
Forward: 6.331399202346802
Backward: 16.059203624725342
Opt.step: 1.0083248615264893
Forward: 6.33535623550415
Backward: 16.1073317527771
Opt.step: 1.0012094974517822
Forward: 6.323269367218018
Backward: 16.190856456756592
Opt.step: 0.9953076839447021
Forward: 6.327498197555542
Backward: 16.23722743988037
Opt.step: 1.0029258728027344
Forward: 6.369068145751953
Backward: 16.29710841178894
Opt.step: 0.9996073246002197
Forward: 6.326904535293579
Backward: 16.298868417739868
Opt.step: 1.005237102508545
Forward: 6.417065382003784
Backward: 17.163038730621338
Opt.step: 1.0352375507354736
Forward: 6.799785137176514
Backward: 17.1987726688385
Opt.step: 1.0380053520202637
Forward: 6.610845565795898
Backward: 16.918423891067505
Opt.step: 1.0292387008666992
Forward: 6.577871799468994
Backward: 16.88791251182556
Opt.step: 1.0097355842590332
Forward: 6.407202243804932
Backward: 16.366724967956543
Opt.step: 1.0108234882354736
Forward: 6.457420587539673
Backward: 16.45031762123108
Opt.step: 1.0164597034454346
Forward: 6.413138389587402
Backward: 17.06764030456543
Opt.step: 1.0326085090637207
Forward: 6.652238607406616
Backward: 17.30513048171997
Opt.step: 1.0404973030090332
Forward: 6.658310651779175
Backward: 16.558314561843872
Opt.step: 1.0070602893829346
Forward: 6.352653503417969
Backward: 16.496580362319946
Opt.step: 1.0463786125183105
Forward: 6.559082508087158
Backward: 16.699180126190186
Opt.step: 1.0278756618499756
Forward: 6.5361433029174805
Backward: 17.198604345321655
Opt.step: 1.0188920497894287
Forward: 6.55362868309021
Backward: 17.006871223449707
Opt.step: 1.0200977325439453
Forward: 6.5654613971710205
Backward: 16.279594659805298
Opt.step: 1.023493766784668
Forward: 1.8967201709747314
Backward: 4.926447629928589
Opt.step: 1.016728162765503
Epoch 17: Validation Loss = 2.6061720848083496
Epoch 17: {'bleu': 20.54416373495389}
Saved checkpoint to ./workdir_vocab10000_lr0.001_embd256/checkpoint_epoch17.npz
Forward: 6.08102560043335
Backward: 16.540764093399048
Opt.step: 1.0278947353363037
Forward: 6.6125404834747314
Backward: 16.49170231819153
Opt.step: 1.02370285987854
Forward: 6.225684881210327
Backward: 16.14351725578308
Opt.step: 0.9995522499084473
Forward: 6.163545846939087
Backward: 15.149271488189697
Opt.step: 0.9974663257598877
Forward: 5.931609869003296
Backward: 14.511399984359741
Opt.step: 1.0062825679779053
Forward: 6.193008661270142
Backward: 16.063682794570923
Opt.step: 1.0213186740875244
Forward: 6.1311047077178955
Backward: 15.188081502914429
Opt.step: 1.020897388458252
Forward: 6.322974681854248
Backward: 15.403168439865112
Opt.step: 0.9939606189727783
Forward: 6.0713279247283936
Backward: 15.109248638153076
Opt.step: 0.999814510345459
Forward: 6.145534515380859
Backward: 14.405070066452026
Opt.step: 0.9975407123565674
Forward: 6.077773332595825
Backward: 14.971842527389526
Opt.step: 1.0096287727355957
Forward: 6.088546514511108
Backward: 14.12045955657959
Opt.step: 0.991896390914917
Forward: 6.066770076751709
Backward: 14.103945255279541
Opt.step: 1.0070335865020752
Forward: 6.135561943054199
Backward: 14.372658252716064
Opt.step: 0.9974017143249512
Forward: 6.136923789978027
Backward: 14.17467999458313
Opt.step: 0.9973921775817871
Forward: 6.2837207317352295
Backward: 14.28002405166626
Opt.step: 1.0074472427368164
Forward: 6.089770793914795
Backward: 14.853703022003174
Opt.step: 1.0069782733917236
Forward: 6.125044822692871
Backward: 14.974411964416504
Opt.step: 0.9983243942260742
Forward: 6.16045069694519
Backward: 14.125622034072876
Opt.step: 1.0085279941558838
Forward: 6.073631525039673
Backward: 16.205186367034912
Opt.step: 1.0074150562286377
Forward: 6.332567930221558
Backward: 14.305643081665039
Opt.step: 0.9997248649597168
Forward: 6.092642307281494
Backward: 17.046965837478638
Opt.step: 1.03733229637146
Forward: 6.586078882217407
Backward: 15.088100671768188
Opt.step: 1.0255346298217773
Forward: 6.270708799362183
Backward: 17.128081798553467
Opt.step: 1.0289900302886963
Forward: 6.288741111755371
Backward: 14.893085956573486
Opt.step: 1.0118560791015625
Forward: 6.136963367462158
Backward: 16.355939865112305
Opt.step: 1.0031325817108154
Forward: 6.3751232624053955
Backward: 14.738166570663452
Opt.step: 1.0026679039001465
Forward: 6.167762517929077
Backward: 15.592355728149414
Opt.step: 1.016249656677246
Forward: 6.443681001663208
Backward: 15.59879446029663
Opt.step: 1.0235681533813477
Forward: 6.446985721588135
Backward: 15.759079694747925
Opt.step: 1.0152580738067627
Forward: 6.3567633628845215
Backward: 14.967557907104492
Opt.step: 1.0008647441864014
Forward: 6.143154144287109
Backward: 15.228280067443848
Opt.step: 1.0027117729187012
Forward: 6.220750093460083
Backward: 15.062375545501709
Opt.step: 1.0247008800506592
Forward: 6.331706285476685
Backward: 16.34048891067505
Opt.step: 1.021474838256836
Forward: 6.55254054069519
Backward: 15.122582197189331
Opt.step: 1.027010202407837
Forward: 6.276777744293213
Backward: 15.159167289733887
Opt.step: 1.0015158653259277
Forward: 6.2517664432525635
Backward: 14.646864414215088
Opt.step: 0.9939010143280029
Forward: 6.1310155391693115
Backward: 14.9768807888031
Opt.step: 1.0152289867401123
Forward: 6.3147804737091064
Backward: 15.229591131210327
Opt.step: 1.0268423557281494
Forward: 6.402590990066528
Backward: 15.524248838424683
Opt.step: 1.0253362655639648
Forward: 6.317848443984985
Backward: 15.24089002609253
Opt.step: 1.006974697113037
Forward: 6.17537522315979
Backward: 14.74198603630066
Opt.step: 1.001399040222168
Forward: 6.208153486251831
Backward: 15.495021343231201
Opt.step: 1.025270938873291
Forward: 6.3550825119018555
Backward: 15.683990240097046
Opt.step: 1.0245108604431152
Forward: 6.445765972137451
Backward: 16.491806507110596
Opt.step: 1.0002164840698242
Forward: 6.227052927017212
Backward: 15.229997873306274
Opt.step: 1.005096435546875
Forward: 6.200165033340454
Backward: 16.23688817024231
Opt.step: 1.0008766651153564
Forward: 6.362375497817993
Backward: 15.930294752120972
Opt.step: 1.2133619785308838
Forward: 6.340054273605347
Backward: 17.058531522750854
Opt.step: 1.0146479606628418
Forward: 6.569331884384155
Backward: 16.292270183563232
Opt.step: 1.0013971328735352
Forward: 6.314849615097046
Backward: 16.51597237586975
Opt.step: 0.9998779296875
Forward: 6.370955467224121
Backward: 16.546245574951172
Opt.step: 1.0249125957489014
Forward: 6.607227087020874
Backward: 16.98655128479004
Opt.step: 1.0247695446014404
Forward: 6.529637813568115
Backward: 17.095474004745483
Opt.step: 1.0172157287597656
Forward: 6.4215569496154785
Backward: 16.223851919174194
Opt.step: 0.9964320659637451
Forward: 6.346536636352539
Backward: 16.476833820343018
Opt.step: 1.0078299045562744
Forward: 6.406299352645874
Backward: 17.03973627090454
Opt.step: 1.018435001373291
Forward: 6.539090156555176
Backward: 17.159494638442993
Opt.step: 1.0302672386169434
Forward: 6.6289591789245605
Backward: 16.34831428527832
Opt.step: 1.0043604373931885
Forward: 6.360252857208252
Backward: 16.418164491653442
Opt.step: 1.0062658786773682
Forward: 6.296236991882324
Backward: 16.821547031402588
Opt.step: 1.026594877243042
Forward: 6.58113956451416
Backward: 16.4699125289917
Opt.step: 1.0302796363830566
Forward: 6.458193302154541
Backward: 16.77221918106079
Opt.step: 0.9989688396453857
Forward: 6.379942893981934
Backward: 15.087493419647217
Opt.step: 1.00687837600708
Forward: 6.389106035232544
Backward: 16.2939670085907
Opt.step: 0.9991970062255859
Forward: 6.48044228553772
Backward: 16.359771490097046
Opt.step: 1.0269560813903809
Forward: 6.545987367630005
Backward: 17.04849648475647
Opt.step: 1.0181443691253662
Forward: 6.523162841796875
Backward: 16.381253480911255
Opt.step: 1.0106985569000244
Forward: 6.430170774459839
Backward: 16.32445001602173
Opt.step: 0.999284029006958
Forward: 6.38414454460144
Backward: 17.102503538131714
Opt.step: 1.0297932624816895
Forward: 6.445924282073975
Backward: 17.14746618270874
Opt.step: 1.0173301696777344
Forward: 6.579978942871094
Backward: 15.765032052993774
Opt.step: 1.0048511028289795
Forward: 6.2064900398254395
Backward: 16.500725507736206
Opt.step: 0.9988937377929688
Forward: 6.3992180824279785
Backward: 16.258173942565918
Opt.step: 1.0299715995788574
Forward: 6.47632908821106
Backward: 17.110507011413574
Opt.step: 1.0243139266967773
Forward: 6.615198135375977
Backward: 16.782984495162964
Opt.step: 1.004697322845459
Forward: 6.414324998855591
Backward: 16.380570888519287
Opt.step: 1.0056371688842773
Forward: 6.360789775848389
Backward: 16.601520538330078
Opt.step: 1.0316174030303955
Forward: 6.600179433822632
Backward: 17.04451823234558
Opt.step: 1.0217890739440918
Forward: 6.5841453075408936
Backward: 16.983041524887085
Opt.step: 1.0031204223632812
Forward: 6.411755323410034
Backward: 16.411911010742188
Opt.step: 0.9976768493652344
Forward: 6.334526062011719
Backward: 16.201364040374756
Opt.step: 1.021866798400879
Forward: 6.402339935302734
Backward: 16.13587236404419
Opt.step: 0.9971566200256348
Forward: 6.334520101547241
Backward: 16.08333659172058
Opt.step: 0.9961559772491455
Forward: 6.302943229675293
Backward: 16.241514921188354
Opt.step: 1.0004603862762451
Forward: 6.351252317428589
Backward: 16.154253482818604
Opt.step: 0.9970493316650391
Forward: 6.3425445556640625
Backward: 16.248927354812622
Opt.step: 0.9971847534179688
Forward: 6.333249092102051
Backward: 16.19927453994751
Opt.step: 0.9987952709197998
Forward: 6.386814832687378
Backward: 16.188456296920776
Opt.step: 1.0010626316070557
Forward: 6.347290754318237
Backward: 16.240804195404053
Opt.step: 1.003019094467163
Forward: 6.393411159515381
Backward: 16.337692975997925
Opt.step: 0.9987459182739258
Forward: 6.256004571914673
Backward: 16.26456046104431
Opt.step: 1.010218858718872
Forward: 6.4254231452941895
Backward: 16.462693452835083
Opt.step: 1.0279488563537598
Forward: 6.609298229217529
Backward: 17.255481481552124
Opt.step: 1.025442123413086
Forward: 6.589342355728149
Backward: 17.162960290908813
Opt.step: 1.0304179191589355
Forward: 6.5975587368011475
Backward: 16.847609281539917
Opt.step: 1.0205535888671875
Forward: 6.462935447692871
Backward: 16.469667434692383
Opt.step: 1.0052649974822998
Forward: 6.591575622558594
Backward: 16.368874549865723
Opt.step: 1.0045011043548584
Forward: 6.38005805015564
Backward: 16.296611070632935
Opt.step: 1.024080514907837
Forward: 6.567015647888184
Backward: 16.989248991012573
Opt.step: 1.025385856628418
Forward: 6.63193678855896
Backward: 17.014315128326416
Opt.step: 1.0206005573272705
Forward: 6.354779243469238
Backward: 16.447354555130005
Opt.step: 1.0198063850402832
Forward: 6.4110777378082275
Backward: 16.316773653030396
Opt.step: 0.9977571964263916
Forward: 6.380671501159668
Backward: 16.90409779548645
Opt.step: 1.0280835628509521
Forward: 6.621305465698242
Backward: 17.083802938461304
Opt.step: 1.0231924057006836
Forward: 6.595645904541016
Backward: 16.790965795516968
Opt.step: 1.0048789978027344
Forward: 6.398980617523193
Backward: 16.386499404907227
Opt.step: 1.002307415008545
Forward: 6.413450479507446
Backward: 16.34297752380371
Opt.step: 1.0020463466644287
Forward: 6.359459400177002
Backward: 17.067721128463745
Opt.step: 1.0284593105316162
Forward: 6.572131395339966
Backward: 17.096121072769165
Opt.step: 1.0219674110412598
Forward: 6.599706649780273
Backward: 16.35135555267334
Opt.step: 1.0075294971466064
Forward: 6.407035827636719
Backward: 16.538909196853638
Opt.step: 1.000709056854248
Forward: 6.3786845207214355
Backward: 16.48192000389099
Opt.step: 1.0180306434631348
Forward: 6.514904022216797
Backward: 17.26503086090088
Opt.step: 1.033879041671753
Forward: 6.675494194030762
Backward: 17.014936685562134
Opt.step: 1.00197434425354
Forward: 6.343508958816528
Backward: 16.31956672668457
Opt.step: 1.0119519233703613
Forward: 6.41759181022644
Backward: 16.363210439682007
Opt.step: 1.0024957656860352
Forward: 6.369743585586548
Backward: 17.0986545085907
Opt.step: 1.0249221324920654
Forward: 6.600016355514526
Backward: 17.142940521240234
Opt.step: 1.0243780612945557
Forward: 6.594992399215698
Backward: 16.309671640396118
Opt.step: 1.0019731521606445
Forward: 6.343665838241577
Backward: 16.45601725578308
Opt.step: 1.0016965866088867
Forward: 6.41576075553894
Backward: 16.537291765213013
Opt.step: 1.021700382232666
Forward: 6.551656246185303
Backward: 17.18128514289856
Opt.step: 1.0268895626068115
Forward: 6.647758722305298
Backward: 16.89411735534668
Opt.step: 0.9985208511352539
Forward: 6.407765865325928
Backward: 16.41743040084839
Opt.step: 1.0062718391418457
Forward: 6.394287347793579
Backward: 16.339656829833984
Opt.step: 0.9993503093719482
Forward: 6.400725364685059
Backward: 17.016165256500244
Opt.step: 1.0255134105682373
Forward: 6.585758924484253
Backward: 17.038024425506592
Opt.step: 1.0271010398864746
Forward: 6.636944770812988
Backward: 16.391007661819458
Opt.step: 1.003671646118164
Forward: 6.379433870315552
Backward: 16.26280927658081
Opt.step: 1.1776862144470215
Forward: 6.426526308059692
Backward: 17.115642786026
Opt.step: 1.0238580703735352
Forward: 6.6273651123046875
Backward: 17.041656970977783
Opt.step: 1.0295875072479248
Forward: 6.61530613899231
Backward: 16.484740018844604
Opt.step: 1.0054881572723389
Forward: 6.410469055175781
Backward: 16.303413152694702
Opt.step: 0.9968881607055664
Forward: 6.346847772598267
Backward: 16.570757627487183
Opt.step: 1.0274052619934082
Forward: 6.62717080116272
Backward: 17.0368390083313
Opt.step: 1.0219535827636719
Forward: 6.589380264282227
Backward: 17.180234670639038
Opt.step: 1.0100040435791016
Forward: 6.382019519805908
Backward: 16.299940824508667
Opt.step: 1.0026659965515137
Forward: 6.428454875946045
Backward: 16.35952377319336
Opt.step: 1.0009102821350098
Forward: 6.413372755050659
Backward: 16.92999815940857
Opt.step: 1.024383306503296
Forward: 6.656555414199829
Backward: 17.08788013458252
Opt.step: 1.0285816192626953
Forward: 6.5676703453063965
Backward: 16.411851406097412
Opt.step: 1.0044305324554443
Forward: 6.432221174240112
Backward: 16.449087142944336
Opt.step: 1.0101525783538818
Forward: 6.410598039627075
Backward: 16.946947813034058
Opt.step: 1.0294380187988281
Forward: 6.531106233596802
Backward: 17.19484043121338
Opt.step: 1.024303913116455
Forward: 6.6240599155426025
Backward: 16.263864994049072
Opt.step: 1.0016613006591797
Forward: 6.51113486289978
Backward: 16.354551792144775
Opt.step: 1.0018675327301025
Forward: 6.418013095855713
Backward: 16.861265897750854
Opt.step: 1.017519235610962
Forward: 6.579681873321533
Backward: 17.160297393798828
Opt.step: 1.0223917961120605
Forward: 6.627529144287109
Backward: 16.571142196655273
Opt.step: 1.0003209114074707
Forward: 6.559983968734741
Backward: 16.16018271446228
Opt.step: 1.0017781257629395
Forward: 6.357070207595825
Backward: 16.30785298347473
Opt.step: 0.9937436580657959
Forward: 6.374671697616577
Backward: 16.247896194458008
Opt.step: 1.0026230812072754
Forward: 6.355999231338501
Backward: 16.115195512771606
Opt.step: 0.9975121021270752
Forward: 6.3965630531311035
Backward: 16.152638912200928
Opt.step: 1.0006694793701172
Forward: 6.3747398853302
Backward: 16.231091499328613
Opt.step: 0.9958117008209229
Forward: 1.9654817581176758
Backward: 4.842229843139648
Opt.step: 0.9948327541351318
Epoch 18: Validation Loss = 2.56581711769104
Epoch 18: {'bleu': 19.238295799190794}
Saved checkpoint to ./workdir_vocab10000_lr0.001_embd256/checkpoint_epoch18.npz
Forward: 5.989552021026611
Backward: 14.450817823410034
Opt.step: 0.9876527786254883
Forward: 6.351641654968262
Backward: 15.561357975006104
Opt.step: 0.9830446243286133
Forward: 5.840188980102539
Backward: 15.670544385910034
Opt.step: 0.9983129501342773
Forward: 6.1975343227386475
Backward: 16.404651641845703
Opt.step: 1.0000813007354736
Forward: 6.003528594970703
Backward: 16.107926845550537
Opt.step: 0.9898495674133301
Forward: 5.9842143058776855
Backward: 15.662370443344116
Opt.step: 0.9870362281799316
Forward: 6.06348991394043
Backward: 15.552172183990479
Opt.step: 0.9864416122436523
Forward: 5.971366882324219
Backward: 15.857075452804565
Opt.step: 0.9975314140319824
Forward: 6.18382453918457
Backward: 16.381463289260864
Opt.step: 1.0043127536773682
Forward: 6.168970584869385
Backward: 14.985631942749023
Opt.step: 0.9778711795806885
Forward: 5.952815771102905
Backward: 15.47197699546814
Opt.step: 0.986661434173584
Forward: 5.999907732009888
Backward: 14.166629076004028
Opt.step: 1.0023467540740967
Forward: 6.151176691055298
Backward: 14.715961456298828
Opt.step: 1.0052685737609863
Forward: 6.148754119873047
Backward: 14.985262632369995
Opt.step: 1.0141334533691406
Forward: 6.188302755355835
Backward: 13.93268632888794
Opt.step: 0.9810633659362793
Forward: 5.9540815353393555
Backward: 14.078538417816162
Opt.step: 0.9845306873321533
Forward: 6.028246641159058
Backward: 14.335669040679932
Opt.step: 0.9973478317260742
Forward: 6.081878662109375
Backward: 14.853787183761597
Opt.step: 1.0018928050994873
Forward: 6.2191996574401855
Backward: 14.688007116317749
Opt.step: 0.9971790313720703
Forward: 5.957362651824951
Backward: 14.414169311523438
Opt.step: 0.9860935211181641
Forward: 6.0611279010772705
Backward: 13.838633298873901
Opt.step: 0.9803829193115234
Forward: 5.935534715652466
Backward: 16.099061012268066
Opt.step: 1.010967493057251
Forward: 6.293071508407593
Backward: 14.863571643829346
Opt.step: 1.007934808731079
Forward: 6.232690811157227
Backward: 15.532820701599121
Opt.step: 0.9813981056213379
Forward: 6.107687711715698
Backward: 14.203116178512573
Opt.step: 0.9810121059417725
Forward: 6.045613050460815
Backward: 15.533252000808716
Opt.step: 1.0005135536193848
Forward: 6.268185138702393
Backward: 14.735488891601562
Opt.step: 1.004094123840332
Forward: 6.205568075180054
Backward: 16.212929010391235
Opt.step: 1.0062353610992432
Forward: 6.271677017211914
Backward: 14.307711601257324
Opt.step: 0.9742205142974854
Forward: 5.990648031234741
Backward: 15.221134424209595
Opt.step: 0.9750635623931885
Forward: 6.079224348068237
Backward: 15.238518714904785
Opt.step: 0.9750428199768066
Forward: 6.085328817367554
Backward: 15.068793773651123
Opt.step: 0.974862813949585
Forward: 6.035462141036987
Backward: 14.20785903930664
Opt.step: 0.978560209274292
Forward: 6.051863431930542
Backward: 15.259681463241577
Opt.step: 0.9731013774871826
Forward: 6.0497753620147705
Backward: 15.33649230003357
Opt.step: 0.9769589900970459
Forward: 6.017603158950806
Backward: 15.524426221847534
Opt.step: 0.9749934673309326
Forward: 6.083983898162842
Backward: 14.757376670837402
Opt.step: 0.9758663177490234
Forward: 6.013182163238525
Backward: 15.30482792854309
Opt.step: 0.9824841022491455
Forward: 6.121784925460815
Backward: 15.48875093460083
Opt.step: 0.977588415145874
Forward: 6.103769302368164
Backward: 15.423942565917969
Opt.step: 0.9821641445159912
Forward: 6.2199320793151855
Backward: 15.493564367294312
Opt.step: 0.9871108531951904
Forward: 6.202409267425537
Backward: 14.795551061630249
Opt.step: 1.0102505683898926
Forward: 6.2408599853515625
Backward: 16.848384857177734
Opt.step: 1.0144829750061035
Forward: 6.506839036941528
Backward: 15.558756589889526
Opt.step: 1.0061495304107666
Forward: 6.168480157852173
Backward: 16.49185299873352
Opt.step: 1.000326156616211
Forward: 6.366925954818726
Backward: 14.726737022399902
Opt.step: 0.9847891330718994
Forward: 6.016208171844482
Backward: 16.08987021446228
Opt.step: 0.9864969253540039
Forward: 6.2475738525390625
Backward: 14.653915166854858
Opt.step: 0.991147518157959
Forward: 5.97857666015625
Backward: 16.643329620361328
Opt.step: 1.0131514072418213
Forward: 6.42046332359314
Backward: 15.317579507827759
Opt.step: 1.0031671524047852
Forward: 6.214671611785889
Backward: 16.03357720375061
Opt.step: 0.9883847236633301
Forward: 6.273525714874268
Backward: 15.717507600784302
Opt.step: 0.9820830821990967
Forward: 6.083021640777588
Backward: 16.096333980560303
Opt.step: 0.9869987964630127
Forward: 6.268625974655151
Backward: 16.12286615371704
Opt.step: 1.0005073547363281
Forward: 6.281339883804321
Backward: 16.74396800994873
Opt.step: 1.0055711269378662
Forward: 6.424736261367798
Backward: 15.308333158493042
Opt.step: 0.9828643798828125
Forward: 6.110669136047363
Backward: 16.09464979171753
Opt.step: 0.9834322929382324
Forward: 6.42942476272583
Backward: 15.363654613494873
Opt.step: 0.9815225601196289
Forward: 6.324313640594482
Backward: 16.05729651451111
Opt.step: 1.0094349384307861
Forward: 6.379199981689453
Backward: 16.11626648902893
Opt.step: 1.0032012462615967
Forward: 6.285629034042358
Backward: 15.971837520599365
Opt.step: 0.9837558269500732
Forward: 6.292993545532227
Backward: 16.026723623275757
Opt.step: 0.9855444431304932
Forward: 6.260836124420166
Backward: 16.613099098205566
Opt.step: 1.000727653503418
Forward: 6.401302337646484
Backward: 16.891277313232422
Opt.step: 1.0026018619537354
Forward: 6.49254846572876
Backward: 16.571476459503174
Opt.step: 0.9803776741027832
Forward: 6.250601291656494
Backward: 16.02301049232483
Opt.step: 0.9841868877410889
Forward: 6.280927896499634
Backward: 16.17990469932556
Opt.step: 0.9825699329376221
Forward: 6.27367377281189
Backward: 16.763548135757446
Opt.step: 1.0055887699127197
Forward: 6.399402141571045
Backward: 16.831223249435425
Opt.step: 1.008303165435791
Forward: 6.4940361976623535
Backward: 15.858320951461792
Opt.step: 0.9829306602478027
Forward: 6.220427513122559
Backward: 15.983841180801392
Opt.step: 0.9867987632751465
Forward: 6.289123296737671
Backward: 16.129484176635742
Opt.step: 1.0055556297302246
Forward: 6.451618194580078
Backward: 16.853126287460327
Opt.step: 1.006896734237671
Forward: 6.456806898117065
Backward: 16.935849905014038
Opt.step: 0.9930551052093506
Forward: 6.265421628952026
Backward: 15.85554575920105
Opt.step: 0.9860398769378662
Forward: 6.253291368484497
Backward: 16.27603507041931
Opt.step: 0.9885163307189941
Forward: 6.276071310043335
Backward: 16.92223072052002
Opt.step: 1.0046935081481934
Forward: 6.411049127578735
Backward: 17.033204555511475
Opt.step: 1.007194995880127
Forward: 6.458718776702881
Backward: 15.964212656021118
Opt.step: 0.987541913986206
Forward: 6.2578654289245605
Backward: 16.17802333831787
Opt.step: 0.9840407371520996
Forward: 6.27543306350708
Backward: 16.447476625442505
Opt.step: 1.0070140361785889
Forward: 6.458582162857056
Backward: 16.733429431915283
Opt.step: 1.002234697341919
Forward: 6.443439960479736
Backward: 16.651089906692505
Opt.step: 0.9827468395233154
Forward: 6.30525541305542
Backward: 15.864519357681274
Opt.step: 0.98333740234375
Forward: 6.273729085922241
Backward: 16.235358953475952
Opt.step: 0.9869461059570312
Forward: 6.360577344894409
Backward: 16.71202826499939
Opt.step: 1.0059568881988525
Forward: 6.469794988632202
Backward: 16.802033185958862
Opt.step: 1.0063307285308838
Forward: 6.480469703674316
Backward: 15.89606261253357
Opt.step: 0.9809908866882324
Forward: 6.2751784324646
Backward: 15.985828161239624
Opt.step: 0.9864346981048584
Forward: 6.221111297607422
Backward: 16.848464727401733
Opt.step: 0.995894193649292
Forward: 6.487433433532715
Backward: 16.773714780807495
Opt.step: 1.0071208477020264
Forward: 6.450601577758789
Backward: 16.09974479675293
Opt.step: 0.9841504096984863
Forward: 6.296838760375977
Backward: 16.02884602546692
Opt.step: 0.9903957843780518
Forward: 6.306023597717285
Backward: 16.313289642333984
Opt.step: 1.0004303455352783
Forward: 6.4520392417907715
Backward: 16.818260431289673
Opt.step: 1.009049654006958
Forward: 6.510705947875977
Backward: 16.68626379966736
Opt.step: 0.974773645401001
Forward: 6.227832078933716
Backward: 16.232134580612183
Opt.step: 0.9896812438964844
Forward: 6.307145833969116
Backward: 16.025248527526855
Opt.step: 0.9807629585266113
Forward: 6.398601770401001
Backward: 16.698920249938965
Opt.step: 1.005727767944336
Forward: 6.471170425415039
Backward: 16.869985342025757
Opt.step: 1.0056402683258057
Forward: 6.484177350997925
Backward: 15.972461462020874
Opt.step: 0.9772622585296631
Forward: 6.163020610809326
Backward: 16.02065896987915
Opt.step: 0.9826779365539551
Forward: 6.292206287384033
Backward: 16.712730169296265
Opt.step: 0.9997067451477051
Forward: 6.429908037185669
Backward: 16.84517002105713
Opt.step: 1.0036909580230713
Forward: 6.456494569778442
Backward: 16.115978240966797
Opt.step: 0.9782464504241943
Forward: 6.237151622772217
Backward: 16.050978899002075
Opt.step: 0.9781701564788818
Forward: 6.393154144287109
Backward: 16.26959490776062
Opt.step: 0.9835519790649414
Forward: 6.271895408630371
Backward: 15.707477331161499
Opt.step: 0.9733953475952148
Forward: 6.198886394500732
Backward: 15.78977084159851
Opt.step: 0.9801547527313232
Forward: 6.243281364440918
Backward: 15.7788245677948
Opt.step: 0.9779143333435059
Forward: 6.2564287185668945
Backward: 15.913191318511963
Opt.step: 0.9761402606964111
Forward: 6.199689865112305
Backward: 15.888132333755493
Opt.step: 0.9738376140594482
Forward: 6.260831832885742
Backward: 15.859484672546387
Opt.step: 0.9796054363250732
Forward: 6.234392404556274
Backward: 15.8941969871521
Opt.step: 0.979020357131958
Forward: 6.25241756439209
Backward: 15.933299541473389
Opt.step: 0.978255033493042
Forward: 6.3041582107543945
Backward: 16.065173387527466
Opt.step: 0.9818704128265381
Forward: 6.27448296546936
Backward: 16.11975622177124
Opt.step: 0.9847767353057861
Forward: 6.281560659408569
Backward: 16.556520223617554
Opt.step: 1.0053422451019287
Forward: 6.445973873138428
Backward: 16.885234832763672
Opt.step: 1.0139482021331787
Forward: 6.502938270568848
Backward: 16.68614363670349
Opt.step: 1.0085325241088867
Forward: 6.37171196937561
Backward: 16.548473596572876
Opt.step: 1.001347541809082
Forward: 6.209865093231201
Backward: 15.947026252746582
Opt.step: 0.977989673614502
Forward: 6.279358863830566
Backward: 16.276196002960205
Opt.step: 0.9849064350128174
Forward: 6.28002667427063
Backward: 16.036083936691284
Opt.step: 1.0046617984771729
Forward: 6.512834072113037
Backward: 16.852517127990723
Opt.step: 1.0070040225982666
Forward: 6.491622686386108
Backward: 16.695146083831787
Opt.step: 0.998610258102417
Forward: 6.237843036651611
Backward: 16.10267686843872
Opt.step: 0.9846971035003662
Forward: 6.326233863830566
Backward: 16.123470544815063
Opt.step: 0.9814422130584717
Forward: 6.254367351531982
Backward: 16.78619623184204
Opt.step: 1.0080766677856445
Forward: 6.533895969390869
Backward: 16.797375202178955
Opt.step: 1.0103652477264404
Forward: 6.515911102294922
Backward: 16.298234701156616
Opt.step: 0.9799551963806152
Forward: 6.238339900970459
Backward: 15.995472192764282
Opt.step: 0.9835648536682129
Forward: 6.30375075340271
Backward: 16.422374486923218
Opt.step: 0.9792053699493408
Forward: 6.281980752944946
Backward: 16.728886365890503
Opt.step: 1.0025804042816162
Forward: 6.451735258102417
Backward: 17.050939321517944
Opt.step: 0.9978716373443604
Forward: 6.5183422565460205
Backward: 15.937423467636108
Opt.step: 0.9795863628387451
Forward: 6.2170727252960205
Backward: 16.114360809326172
Opt.step: 0.9916427135467529
Forward: 6.296250820159912
Backward: 16.019010066986084
Opt.step: 1.0038955211639404
Forward: 6.501661062240601
Backward: 16.903104305267334
Opt.step: 1.0081689357757568
Forward: 6.468872785568237
Backward: 16.812219619750977
Opt.step: 1.0070009231567383
Forward: 6.311900615692139
Backward: 16.05891489982605
Opt.step: 0.9846656322479248
Forward: 6.269575834274292
Backward: 16.078269481658936
Opt.step: 0.9912416934967041
Forward: 6.3149824142456055
Backward: 16.78211736679077
Opt.step: 1.0056698322296143
Forward: 6.455140113830566
Backward: 16.865917921066284
Opt.step: 1.0117566585540771
Forward: 6.485804557800293
Backward: 15.936202049255371
Opt.step: 0.9860265254974365
Forward: 6.287851333618164
Backward: 16.233097791671753
Opt.step: 0.9907691478729248
Forward: 6.301346302032471
Backward: 16.075573205947876
Opt.step: 1.009955644607544
Forward: 6.489848852157593
Backward: 16.61953067779541
Opt.step: 0.9981749057769775
Forward: 6.425705671310425
Backward: 16.80976176261902
Opt.step: 1.0109989643096924
Forward: 6.362293481826782
Backward: 15.878451108932495
Opt.step: 0.9858801364898682
Forward: 6.253775119781494
Backward: 15.960596561431885
Opt.step: 0.986701488494873
Forward: 6.2733848094940186
Backward: 16.71063780784607
Opt.step: 1.008859395980835
Forward: 6.489430904388428
Backward: 16.882400035858154
Opt.step: 1.003385066986084
Forward: 6.462015151977539
Backward: 16.090659379959106
Opt.step: 0.9893121719360352
Forward: 6.321155548095703
Backward: 16.19247341156006
Opt.step: 0.9827208518981934
Forward: 6.499941349029541
Backward: 16.151432991027832
Opt.step: 1.015413761138916
Forward: 1.865732192993164
Backward: 4.842678546905518
Opt.step: 1.0075116157531738
Epoch 19: Validation Loss = 2.541826009750366
Epoch 19: {'bleu': 21.760078006426305}
Saved checkpoint to ./workdir_vocab10000_lr0.001_embd256/checkpoint_epoch19.npz
